start_seconds,end_seconds,phase,actor,status,latency_ms,matched_case,matched_priority,retry_after
0.000437,0.058678,normal,batch,200,58.240891,True,True,
0.201471,0.222987,normal,batch,200,21.516085,True,True,
0.404933,0.429562,normal,batch,200,24.629116,True,True,
0.601429,0.617069,normal,batch,200,15.64002,True,True,
0.652325,0.680295,normal,control,200,27.969599,False,False,
0.804312,0.830689,normal,batch,200,26.376963,True,True,
1.005255,1.019855,normal,batch,200,14.5998,True,True,
1.201004,1.234471,normal,batch,200,33.466816,True,True,
1.405309,1.429248,normal,batch,200,23.938894,True,True,
1.605916,1.647783,normal,batch,200,41.866779,True,True,
1.657356,1.676725,normal,control,200,19.368887,False,False,
1.804693,1.83811,normal,batch,200,33.416986,True,True,
2.005093,2.019542,normal,batch,200,14.448881,True,True,
2.204833,2.225835,normal,batch,200,21.001816,True,True,
2.404509,2.424867,normal,batch,200,20.358086,True,True,
2.602313,2.62077,normal,batch,200,18.457174,True,True,
2.662395,2.676891,normal,control,200,14.496088,False,False,
2.805146,2.827589,normal,batch,200,22.443056,True,True,
3.001444,3.016957,normal,batch,200,15.512705,True,True,
3.204194,3.223419,normal,batch,200,19.225121,True,True,
3.401728,3.419343,normal,batch,200,17.61508,True,True,
3.602793,3.617774,normal,batch,200,14.981031,True,True,
3.664329,3.681704,normal,control,200,17.374992,False,False,
3.801685,3.820798,normal,batch,200,19.113064,True,True,
4.000699,4.018495,normal,batch,200,17.795801,True,True,
4.20225,4.218247,normal,batch,200,15.997171,True,True,
4.404023,4.420215,normal,batch,200,16.191959,True,True,
4.60495,4.62722,normal,batch,200,22.269964,True,True,
4.66746,4.714172,normal,control,200,46.71216,False,False,
4.801715,4.819232,normal,batch,200,17.51709,True,True,
5.000968,5.059953,normal,batch,200,58.985233,True,True,
5.203652,5.249344,normal,batch,200,45.692921,True,True,
5.402429,5.415664,normal,batch,200,13.235331,True,True,
5.605411,5.620008,normal,batch,200,14.596939,True,True,
5.668801,5.701136,normal,control,200,32.335043,False,False,
5.803094,5.837331,normal,batch,200,34.236908,True,True,
6.004314,6.018177,normal,batch,200,13.862848,True,True,
6.203137,6.235069,normal,batch,200,31.931877,True,True,
6.405284,6.438382,normal,batch,200,33.097982,True,True,
6.60269,6.662205,normal,batch,200,59.514999,True,True,
6.671697,6.708659,normal,control,200,36.962748,False,False,
6.804626,6.819903,normal,batch,200,15.276909,True,True,
7.003786,7.028848,normal,batch,200,25.063276,True,True,
7.204803,7.219244,normal,batch,200,14.441013,True,True,
7.403579,7.428449,normal,batch,200,24.869919,True,True,
7.605625,7.65445,normal,batch,200,48.825741,True,True,
7.673344,7.691608,normal,control,200,18.264055,False,False,
7.804131,7.819735,normal,batch,200,15.604019,True,True,
8.000872,8.01887,normal,batch,200,17.99798,True,True,
8.205303,8.219726,normal,batch,200,14.423132,True,True,
8.404924,8.427165,normal,batch,200,22.240639,True,True,
8.601885,8.617572,normal,batch,200,15.687227,True,True,
8.674108,8.687874,normal,control,200,13.76605,False,False,
8.802973,8.818684,normal,batch,200,15.711308,True,True,
9.00546,9.018768,normal,batch,200,13.308048,True,True,
9.204765,9.219263,normal,batch,200,14.497995,True,True,
9.405279,9.418728,normal,batch,200,13.448954,True,True,
9.601956,9.625447,normal,batch,200,23.490667,True,True,
9.679196,9.696639,normal,control,200,17.442703,False,False,
9.815822,9.874603,normal,batch,200,58.780909,True,True,
10.010559,10.036248,normal,batch,200,25.689125,True,True,
10.201891,10.253082,normal,batch,200,51.191092,True,True,
10.401866,10.446808,normal,batch,200,44.942141,True,True,
10.605271,10.633243,normal,batch,200,27.971983,True,True,
10.680723,10.696354,normal,control,200,15.63096,False,False,
10.805277,10.855414,normal,batch,200,50.137043,True,True,
11.004251,11.026564,normal,batch,200,22.313118,True,True,
11.202569,11.219561,normal,batch,200,16.991854,True,True,
11.404509,11.421379,normal,batch,200,16.87026,True,True,
11.605057,11.624222,normal,batch,200,19.164801,True,True,
11.685745,11.698401,normal,control,200,12.655973,False,False,
11.804996,11.818656,normal,batch,200,13.659954,True,True,
12.004848,12.021144,normal,batch,200,16.29591,True,True,
12.20528,12.223099,normal,batch,200,17.818928,True,True,
12.402951,12.417028,normal,batch,200,14.07671,True,True,
12.604507,12.618972,normal,batch,200,14.464855,True,True,
12.688807,12.710505,normal,control,200,21.698236,False,False,
12.804935,12.83081,normal,batch,200,25.874853,True,True,
13.006338,13.028133,normal,batch,200,21.795034,True,True,
13.202538,13.219547,normal,batch,200,17.00902,True,True,
13.404639,13.422548,normal,batch,200,17.908812,True,True,
13.604998,13.619727,normal,batch,200,14.729023,True,True,
13.692849,13.708253,normal,control,200,15.403748,False,False,
13.805229,13.833379,normal,batch,200,28.150082,True,True,
14.004918,14.021012,normal,batch,200,16.093969,True,True,
14.200582,14.228017,normal,batch,200,27.435064,True,True,
14.405257,14.427935,normal,batch,200,22.677898,True,True,
14.604953,14.623158,normal,batch,200,18.204927,True,True,
14.697897,14.714915,normal,control,200,17.01808,False,False,
14.802949,14.851637,normal,batch,200,48.687696,True,True,
15.002923,15.025775,normal,batch,200,22.851944,True,True,
15.205251,15.297023,normal,batch,200,91.771841,True,True,
15.401009,15.414928,normal,batch,200,13.919115,True,True,
15.603617,15.621802,normal,batch,200,18.1849,True,True,
15.702703,15.739113,normal,control,200,36.411047,False,False,
15.802069,15.821901,normal,batch,200,19.832134,True,True,
16.004333,16.019707,normal,batch,200,15.374184,True,True,
16.201913,16.225697,normal,batch,200,23.783922,True,True,
16.403594,16.418752,normal,batch,200,15.157938,True,True,
16.602252,16.616697,normal,batch,200,14.445066,True,True,
16.707728,16.719899,normal,control,200,12.17103,False,False,
16.80272,16.822664,normal,batch,200,19.943714,True,True,
17.001952,17.031549,normal,batch,200,29.597998,True,True,
17.203118,17.219269,normal,batch,200,16.150951,True,True,
17.404046,17.425041,normal,batch,200,20.99514,True,True,
17.605245,17.624759,normal,batch,200,19.514084,True,True,
17.71211,17.752335,normal,control,200,40.225029,False,False,
17.804477,17.829067,normal,batch,200,24.590015,True,True,
18.004213,18.019246,normal,batch,200,15.033245,True,True,
18.207357,18.220807,normal,batch,200,13.450861,True,True,
18.40352,18.448329,normal,batch,200,44.809103,True,True,
18.601144,18.618272,normal,batch,200,17.127991,True,True,
18.713315,18.725799,normal,control,200,12.483835,False,False,
18.803606,18.831833,normal,batch,200,28.227091,True,True,
19.001727,19.039303,normal,batch,200,37.576199,True,True,
19.205227,19.221344,normal,batch,200,16.117096,True,True,
19.40123,19.427194,normal,batch,200,25.964975,True,True,
19.602357,19.62115,normal,batch,200,18.793106,True,True,
19.718382,19.731101,normal,control,200,12.718678,False,False,
19.804511,19.820104,normal,batch,200,15.593052,True,True,
20.004981,20.025562,normal,batch,200,20.581007,True,True,
20.200765,20.227705,normal,batch,200,26.940107,True,True,
20.403782,20.417261,normal,batch,200,13.478994,True,True,
20.604916,20.617245,normal,batch,200,12.329102,True,True,
20.72293,20.740983,normal,control,200,18.053055,False,False,
20.805146,20.82372,normal,batch,200,18.573999,True,True,
21.000805,21.018944,normal,batch,200,18.138885,True,True,
21.203205,21.220424,normal,batch,200,17.218828,True,True,
21.401707,21.421949,normal,batch,200,20.241976,True,True,
21.604902,21.629096,normal,batch,200,24.193764,True,True,
21.727322,21.745183,normal,control,200,17.860889,False,False,
21.804782,21.833686,normal,batch,200,28.903723,True,True,
22.005205,22.021275,normal,batch,200,16.070127,True,True,
22.20332,22.217696,normal,batch,200,14.375925,True,True,
22.405292,22.420511,normal,batch,200,15.218973,True,True,
22.603194,22.640557,normal,batch,200,37.363052,True,True,
22.730605,22.755816,normal,control,200,25.210857,False,False,
22.804715,22.856367,normal,batch,200,51.652193,True,True,
23.00491,23.02809,normal,batch,200,23.180008,True,True,
23.200442,23.217248,normal,batch,200,16.805887,True,True,
23.400796,23.417999,normal,batch,200,17.202854,True,True,
23.603042,23.620596,normal,batch,200,17.554045,True,True,
23.735028,23.755731,normal,control,200,20.702839,False,False,
23.801542,23.824377,normal,batch,200,22.835016,True,True,
24.004801,24.021184,normal,batch,200,16.382933,True,True,
24.205189,24.22068,normal,batch,200,15.491009,True,True,
24.401037,24.415034,normal,batch,200,13.997078,True,True,
24.605148,24.61876,normal,batch,200,13.611794,True,True,
24.736691,24.781127,normal,control,200,44.436216,False,False,
24.805181,24.819559,normal,batch,200,14.378071,True,True,
25.004228,25.016657,normal,batch,200,12.429714,True,True,
25.201487,25.220044,normal,batch,200,18.556833,True,True,
25.400872,25.492148,normal,batch,200,91.27593,True,True,
25.603342,25.61969,normal,batch,200,16.347885,True,True,
25.741357,25.771877,normal,control,200,30.519962,False,False,
25.800955,25.819696,normal,batch,200,18.741131,True,True,
26.004985,26.027511,normal,batch,200,22.525787,True,True,
26.203171,26.248108,normal,batch,200,44.936895,True,True,
26.40161,26.423978,normal,batch,200,22.367954,True,True,
26.60488,26.624165,normal,batch,200,19.284964,True,True,
26.744092,26.758425,normal,control,200,14.332771,False,False,
26.801669,26.848244,normal,batch,200,46.574831,True,True,
27.000325,27.04216,normal,batch,200,41.83507,True,True,
27.200421,27.225163,normal,batch,200,24.741888,True,True,
27.402601,27.451895,normal,batch,200,49.293995,True,True,
27.605184,27.618929,normal,batch,200,13.745308,True,True,
27.744688,27.757419,normal,control,200,12.730837,False,False,
27.804765,27.82634,normal,batch,200,21.574974,True,True,
28.000907,28.015297,normal,batch,200,14.389992,True,True,
28.202695,28.275356,normal,batch,200,72.660923,True,True,
28.400819,28.415091,normal,batch,200,14.271975,True,True,
28.605145,28.619295,normal,batch,200,14.149904,True,True,
28.749714,28.779819,normal,control,200,30.105114,False,False,
28.80285,28.820945,normal,batch,200,18.095016,True,True,
29.00189,29.01515,normal,batch,200,13.260126,True,True,
29.201825,29.214762,normal,batch,200,12.937069,True,True,
29.405176,29.419058,normal,batch,200,13.884068,True,True,
29.604099,29.616284,normal,batch,200,12.185097,True,True,
29.754139,29.774905,normal,control,200,20.765781,False,False,
29.803533,29.817881,normal,batch,200,14.34803,True,True,
30.005209,30.027878,normal,batch,200,22.669792,True,True,
30.205284,30.222563,normal,batch,200,17.27891,True,True,
30.402738,30.415766,normal,batch,200,13.028145,True,True,
30.604161,30.618074,normal,batch,200,13.913155,True,True,
30.755472,30.789356,normal,control,200,33.88381,False,False,
30.804798,30.81859,normal,batch,200,13.792038,True,True,
31.004932,31.052822,normal,batch,200,47.889709,True,True,
31.201627,31.231639,normal,batch,200,30.011892,True,True,
31.400736,31.417171,normal,batch,200,16.4361,True,True,
31.60173,31.616763,normal,batch,200,15.033007,True,True,
31.760493,31.772734,normal,control,200,12.240887,False,False,
31.803276,31.834708,normal,batch,200,31.431913,True,True,
32.005148,32.031709,normal,batch,200,26.560783,True,True,
32.202555,32.230339,normal,batch,200,27.783871,True,True,
32.400681,32.428737,normal,batch,200,28.055906,True,True,
32.60512,32.618822,normal,batch,200,13.702154,True,True,
32.765017,32.780037,normal,control,200,15.020132,False,False,
32.805135,32.824636,normal,batch,200,19.501209,True,True,
33.004388,33.027427,normal,batch,200,23.038864,True,True,
33.20191,33.214131,normal,batch,200,12.22086,True,True,
33.405145,33.419407,normal,batch,200,14.262199,True,True,
33.603798,33.620383,normal,batch,200,16.585112,True,True,
33.768961,33.79989,normal,control,200,30.92885,False,False,
33.815811,33.844045,normal,batch,200,28.234005,True,True,
34.005169,34.047584,normal,batch,200,42.414904,True,True,
34.203413,34.21886,normal,batch,200,15.446901,True,True,
34.401231,34.415103,normal,batch,200,13.871908,True,True,
34.602154,34.616151,normal,batch,200,13.997078,True,True,
34.770073,34.784219,normal,control,200,14.14609,False,False,
34.803558,34.815506,normal,batch,200,11.94787,True,True,
35.005118,35.038134,normal,batch,200,33.015966,True,True,
35.205128,35.227993,normal,batch,200,22.865057,True,True,
35.40383,35.441427,normal,batch,200,37.596941,True,True,
35.604878,35.725875,normal,batch,200,120.996952,True,True,
35.774829,35.790626,normal,control,200,15.797138,False,False,
35.800285,35.857035,normal,batch,200,56.765318,True,True,
36.005754,36.068627,normal,batch,200,62.872887,True,True,
36.209197,36.250759,normal,batch,200,41.56208,True,True,
36.403397,36.43082,normal,batch,200,27.422905,True,True,
36.605222,36.61884,normal,batch,200,13.617992,True,True,
36.777711,36.792042,normal,control,200,14.330864,False,False,
36.805171,36.822786,normal,batch,200,17.61508,True,True,
37.005244,37.022425,normal,batch,200,17.18092,True,True,
37.203601,37.2214,normal,batch,200,17.799854,True,True,
37.402817,37.416237,normal,batch,200,13.420105,True,True,
37.602412,37.621377,normal,batch,200,18.965006,True,True,
37.78326,37.805442,normal,control,200,22.181988,False,False,
37.804453,37.822748,normal,batch,200,18.295765,True,True,
38.005061,38.020181,normal,batch,200,15.119791,True,True,
38.201873,38.214661,normal,batch,200,12.788057,True,True,
38.40079,38.420582,normal,batch,200,19.79208,True,True,
38.602504,38.618291,normal,batch,200,15.787125,True,True,
38.78667,38.801107,normal,control,200,14.43696,False,False,
38.804524,38.824838,normal,batch,200,20.314217,True,True,
39.004699,39.0431,normal,batch,200,38.401127,True,True,
39.201604,39.224535,normal,batch,200,22.930861,True,True,
39.404813,39.427351,normal,batch,200,22.537947,True,True,
39.602209,39.619005,normal,batch,200,16.795874,True,True,
39.791684,39.846653,normal,control,200,54.968834,False,False,
39.80191,39.854578,normal,batch,200,52.667856,True,True,
40.004992,40.023142,normal,batch,200,18.150091,True,True,
40.201775,40.214252,normal,batch,200,12.476921,True,True,
40.404698,40.431237,normal,batch,200,26.538849,True,True,
40.603392,40.628433,normal,batch,200,25.041103,True,True,
40.796463,40.817922,normal,control,200,21.459103,False,False,
40.802838,40.818081,normal,batch,200,15.242815,True,True,
41.005065,41.028551,normal,batch,200,23.486137,True,True,
41.202514,41.220313,normal,batch,200,17.799139,True,True,
41.401479,41.436925,normal,batch,200,35.445929,True,True,
41.602809,41.61775,normal,batch,200,14.940977,True,True,
41.801497,41.833855,normal,control,200,32.357931,False,False,
41.804332,41.834062,normal,batch,200,29.730082,True,True,
42.00386,42.019893,normal,batch,200,16.032934,True,True,
42.204272,42.221026,normal,batch,200,16.753912,True,True,
42.401843,42.415184,normal,batch,200,13.341188,True,True,
42.60176,42.617626,normal,batch,200,15.866041,True,True,
42.803717,42.859894,normal,batch,200,56.176901,True,True,
42.80545,42.861092,normal,control,200,55.642128,False,False,
43.007204,43.039625,normal,batch,200,32.420874,True,True,
43.202226,43.221939,normal,batch,200,19.712925,True,True,
43.405828,43.442148,normal,batch,200,36.319971,True,True,
43.604843,43.620672,normal,batch,200,15.829086,True,True,
43.809829,43.823149,normal,control,200,13.319969,False,False,
43.803184,43.823335,normal,batch,200,20.1509,True,True,
44.002791,44.026552,normal,batch,200,23.761034,True,True,
44.203883,44.224437,normal,batch,200,20.554066,True,True,
44.405061,44.43425,normal,batch,200,29.188871,True,True,
44.60505,44.628994,normal,batch,200,23.943901,True,True,
44.803003,44.819985,normal,batch,200,16.982079,True,True,
44.814859,44.834246,normal,control,200,19.387245,False,False,
45.004974,45.032879,normal,batch,200,27.904987,True,True,
45.204111,45.218575,normal,batch,200,14.463902,True,True,
45.400332,45.418171,normal,batch,200,17.839193,True,True,
45.604806,45.618286,normal,batch,200,13.479948,True,True,
45.805001,45.870815,normal,batch,200,65.814972,True,True,
45.876342,45.970866,normal,control,200,94.52486,False,False,
46.005641,46.020931,normal,batch,200,15.290022,True,True,
46.205061,46.232753,normal,batch,200,27.69208,True,True,
46.400785,46.421328,normal,batch,200,20.54286,True,True,
46.60437,46.617194,normal,batch,200,12.825012,True,True,
46.80353,46.825717,normal,batch,200,22.186995,True,True,
46.880918,46.905439,normal,control,200,24.520874,False,False,
47.003974,47.051229,normal,batch,200,47.254801,True,True,
47.209277,47.230227,normal,batch,200,20.950079,True,True,
47.405052,47.430458,normal,batch,200,25.405884,True,True,
47.601685,47.615919,normal,batch,200,14.234066,True,True,
47.801775,47.814687,normal,batch,200,12.912035,True,True,
47.88387,47.922258,normal,control,200,38.388014,False,False,
48.000896,48.015812,normal,batch,200,14.916182,True,True,
48.204792,48.222229,normal,batch,200,17.436981,True,True,
48.402568,48.41725,normal,batch,200,14.682055,True,True,
48.602422,48.619128,normal,batch,200,16.70599,True,True,
48.802594,48.815708,normal,batch,200,13.114214,True,True,
48.88717,48.900556,normal,control,200,13.386011,False,False,
49.00487,49.01837,normal,batch,200,13.499737,True,True,
49.204765,49.232797,normal,batch,200,28.032064,True,True,
49.400745,49.41626,normal,batch,200,15.515089,True,True,
49.604883,49.626356,normal,batch,200,21.472931,True,True,
49.804073,49.82285,normal,batch,200,18.777132,True,True,
49.892193,49.908912,normal,control,200,16.720057,False,False,
50.003691,50.022015,normal,batch,200,18.323898,True,True,
50.201183,50.220119,normal,batch,200,18.937111,True,True,
50.403124,50.42992,normal,batch,200,26.796103,True,True,
50.601342,50.619181,normal,batch,200,17.840147,True,True,
50.804409,50.821131,normal,batch,200,16.721964,True,True,
50.894792,50.912822,normal,control,200,18.030167,False,False,
51.005154,51.026811,normal,batch,200,21.657228,True,True,
51.20567,51.235057,normal,batch,200,29.386997,True,True,
51.414944,51.430391,normal,batch,200,15.44714,True,True,
51.602505,51.622403,normal,batch,200,19.898176,True,True,
51.803736,51.859759,normal,batch,200,56.023121,True,True,
51.895309,51.921793,normal,control,200,26.484966,False,False,
52.00945,52.022038,normal,batch,200,12.588024,True,True,
52.203047,52.238468,normal,batch,200,35.421371,True,True,
52.40966,52.432236,normal,batch,200,22.575855,True,True,
52.602016,52.62076,normal,batch,200,18.743992,True,True,
52.803534,52.837272,normal,batch,200,33.737898,True,True,
52.899996,52.921517,normal,control,200,21.520853,False,False,
53.004419,53.031232,normal,batch,200,26.812792,True,True,
53.205026,53.233574,normal,batch,200,28.548241,True,True,
53.403569,53.420176,normal,batch,200,16.606808,True,True,
53.600917,53.615234,normal,batch,200,14.318228,True,True,
53.803878,53.818732,normal,batch,200,14.853954,True,True,
53.902533,53.915575,normal,control,200,13.041973,False,False,
54.004885,54.021143,normal,batch,200,16.258001,True,True,
54.205081,54.2206,normal,batch,200,15.520096,True,True,
54.405058,54.43101,normal,batch,200,25.953054,True,True,
54.602479,54.624937,normal,batch,200,22.457838,True,True,
54.803371,54.827524,normal,batch,200,24.152994,True,True,
54.902804,54.917702,normal,control,200,14.8983,False,False,
55.002802,55.046312,normal,batch,200,43.50996,True,True,
55.205026,55.228318,normal,batch,200,23.292065,True,True,
55.403025,55.418295,normal,batch,200,15.269756,True,True,
55.601731,55.62554,normal,batch,200,23.808956,True,True,
55.800262,55.827632,normal,batch,200,27.369976,True,True,
55.904795,55.920079,normal,control,200,15.283823,False,False,
56.004843,56.022229,normal,batch,200,17.38596,True,True,
56.203116,56.222733,normal,batch,200,19.617081,True,True,
56.403751,56.419523,normal,batch,200,15.772104,True,True,
56.621178,56.63556,normal,batch,200,14.381647,True,True,
56.803,56.816024,normal,batch,200,13.024092,True,True,
56.907493,56.942134,normal,control,200,34.640789,False,False,
57.002907,57.023723,normal,batch,200,20.815849,True,True,
57.20476,57.225451,normal,batch,200,20.690918,True,True,
57.402532,57.41735,normal,batch,200,14.817953,True,True,
57.600931,57.625378,normal,batch,200,24.446964,True,True,
57.803542,57.826635,normal,batch,200,23.092985,True,True,
57.909717,57.92489,normal,control,200,15.173197,False,False,
58.00431,58.018007,normal,batch,200,13.697147,True,True,
58.201372,58.219737,normal,batch,200,18.364906,True,True,
58.402765,58.414936,normal,batch,200,12.17103,True,True,
58.601729,58.632607,normal,batch,200,30.878067,True,True,
58.803046,58.818005,normal,batch,200,14.958858,True,True,
58.914742,58.92958,normal,control,200,14.83798,False,False,
59.004225,59.027283,normal,batch,200,23.057938,True,True,
59.204968,59.218884,normal,batch,200,13.916016,True,True,
59.401426,59.416316,normal,batch,200,14.890194,True,True,
59.602196,59.622469,normal,batch,200,20.273209,True,True,
59.804951,59.820744,normal,batch,200,15.792847,True,True,
59.919577,59.941678,normal,control,200,22.100925,False,False,
60.004906,60.027136,normal,batch,200,22.22991,True,True,
60.20081,60.212771,normal,batch,200,11.960983,True,True,
60.403309,60.416106,normal,batch,200,12.796879,True,True,
60.604993,60.620393,normal,batch,200,15.399933,True,True,
60.803327,60.829592,normal,batch,200,26.265144,True,True,
60.920742,60.959128,normal,control,200,38.385868,False,False,
61.000661,61.033488,normal,batch,200,32.827139,True,True,
61.204527,61.234601,normal,batch,200,30.073881,True,True,
61.404374,61.441543,normal,batch,200,37.169218,True,True,
61.604945,61.629605,normal,batch,200,24.659872,True,True,
61.804959,61.849594,normal,batch,200,44.635296,True,True,
61.9208,61.935369,normal,control,200,14.569044,False,False,
62.00495,62.027311,normal,batch,200,22.36104,True,True,
62.202348,62.216672,normal,batch,200,14.32395,True,True,
62.403838,62.421234,normal,batch,200,17.395973,True,True,
62.604968,62.619201,normal,batch,200,14.233112,True,True,
62.800289,62.817127,normal,batch,200,16.837835,True,True,
62.924541,62.940638,normal,control,200,16.09683,False,False,
63.004959,63.022078,normal,batch,200,17.118931,True,True,
63.20483,63.224138,normal,batch,200,19.30809,True,True,
63.401293,63.419957,normal,batch,200,18.663883,True,True,
63.603553,63.616827,normal,batch,200,13.273954,True,True,
63.802775,63.830057,normal,batch,200,27.282953,True,True,
63.928003,63.941957,normal,control,200,13.953924,False,False,
64.00494,64.028348,normal,batch,200,23.408175,True,True,
64.202746,64.221526,normal,batch,200,18.779755,True,True,
64.400884,64.417193,normal,batch,200,16.309023,True,True,
64.604955,64.625347,normal,batch,200,20.391941,True,True,
64.803354,64.820334,normal,batch,200,16.979933,True,True,
64.929709,64.947036,normal,control,200,17.32707,False,False,
65.00492,65.017309,normal,batch,200,12.388945,True,True,
65.203736,65.259427,normal,batch,200,55.691004,True,True,
65.404922,65.427439,normal,batch,200,22.516966,True,True,
65.60491,65.620621,normal,batch,200,15.710831,True,True,
65.801312,65.821039,normal,batch,200,19.726992,True,True,
65.934731,65.949555,normal,control,200,14.824867,False,False,
66.001881,66.039201,normal,batch,200,37.319899,True,True,
66.202369,66.218066,normal,batch,200,15.697002,True,True,
66.400552,66.418824,normal,batch,200,18.272161,True,True,
66.604916,66.620218,normal,batch,200,15.302181,True,True,
66.80497,66.848734,normal,batch,200,43.763876,True,True,
66.937912,66.970668,normal,control,200,32.75609,False,False,
67.004154,67.016751,normal,batch,200,12.597084,True,True,
67.200882,67.219062,normal,batch,200,18.180132,True,True,
67.401707,67.414203,normal,batch,200,12.496233,True,True,
67.606,67.619437,normal,batch,200,13.436794,True,True,
67.804798,67.818933,normal,batch,200,14.135122,True,True,
67.942645,67.99088,normal,control,200,48.235178,False,False,
68.004905,68.017659,normal,batch,200,12.755156,True,True,
68.199914,68.213821,normal,batch,200,13.906956,True,True,
68.404935,68.455994,normal,batch,200,51.059008,True,True,
68.602788,68.617631,normal,batch,200,14.842987,True,True,
68.801485,68.829437,normal,batch,200,27.951717,True,True,
68.943787,68.956,normal,control,200,12.212992,False,False,
69.011042,69.028049,normal,batch,200,17.006874,True,True,
69.201733,69.226527,normal,batch,200,24.793863,True,True,
69.403698,69.430283,normal,batch,200,26.586056,True,True,
69.603161,69.631886,normal,batch,200,28.724909,True,True,
69.802081,69.846637,normal,batch,200,44.556141,True,True,
69.948307,69.961501,normal,control,200,13.194084,False,False,
70.003943,70.031802,normal,batch,200,27.859211,True,True,
70.202981,70.241862,normal,batch,200,38.881063,True,True,
70.40173,70.419904,normal,batch,200,18.174887,True,True,
70.601276,70.629032,normal,batch,200,27.755737,True,True,
70.801855,70.814608,normal,batch,200,12.753248,True,True,
70.952712,70.96837,normal,control,200,15.659094,False,False,
71.004722,71.0196,normal,batch,200,14.878273,True,True,
71.200171,71.230773,normal,batch,200,30.601978,True,True,
71.400671,71.416805,normal,batch,200,16.134024,True,True,
71.604565,71.616392,normal,batch,200,11.826992,True,True,
71.801747,71.817613,normal,batch,200,15.86628,True,True,
71.956683,71.983118,normal,control,200,26.435137,False,False,
72.002202,72.039125,normal,batch,200,36.922932,True,True,
72.203684,72.226197,normal,batch,200,22.512913,True,True,
72.403203,72.415216,normal,batch,200,12.012959,True,True,
72.602841,72.629889,normal,batch,200,27.047873,True,True,
72.804647,72.818606,normal,batch,200,13.959169,True,True,
72.960499,72.976344,normal,control,200,15.845299,False,False,
73.004811,73.023782,normal,batch,200,18.970966,True,True,
73.200371,73.22017,normal,batch,200,19.799232,True,True,
73.400529,73.418149,normal,batch,200,17.619848,True,True,
73.600757,73.621921,normal,batch,200,21.164179,True,True,
73.803271,73.817809,normal,batch,200,14.53805,True,True,
73.964753,73.990826,normal,control,200,26.072741,False,False,
74.001688,74.018194,normal,batch,200,16.505957,True,True,
74.203063,74.216097,normal,batch,200,13.033867,True,True,
74.403148,74.416452,normal,batch,200,13.304234,True,True,
74.601872,74.61519,normal,batch,200,13.318062,True,True,
74.804886,74.818049,normal,batch,200,13.16309,True,True,
74.96899,74.985893,normal,control,200,16.903162,False,False,
75.004733,75.019475,normal,batch,200,14.742136,True,True,
75.202418,75.232352,normal,batch,200,29.934168,True,True,
75.404917,75.420855,normal,batch,200,15.938044,True,True,
75.601653,75.614769,normal,batch,200,13.11636,True,True,
75.803739,75.82322,normal,batch,200,19.480944,True,True,
75.973159,75.9866,normal,control,200,13.441086,False,False,
76.002737,76.016273,normal,batch,200,13.535976,True,True,
76.204889,76.219958,normal,batch,200,15.069962,True,True,
76.404912,76.417075,normal,batch,200,12.162924,True,True,
76.601744,76.616685,normal,batch,200,14.940739,True,True,
76.803966,76.832993,normal,batch,200,29.027224,True,True,
76.975664,77.007802,normal,control,200,32.137871,False,False,
77.004862,77.018981,normal,batch,200,14.119148,True,True,
77.204807,77.228231,normal,batch,200,23.424149,True,True,
77.401733,77.414278,normal,batch,200,12.54487,True,True,
77.604512,77.628,normal,batch,200,23.488045,True,True,
77.80324,77.824575,normal,batch,200,21.335125,True,True,
77.980702,78.005935,normal,control,200,25.23303,False,False,
78.000791,78.030166,normal,batch,200,29.374838,True,True,
78.204503,78.219121,normal,batch,200,14.618158,True,True,
78.404821,78.430625,normal,batch,200,25.804043,True,True,
78.601923,78.648412,normal,batch,200,46.489239,True,True,
78.803991,78.843044,normal,batch,200,39.052963,True,True,
78.985734,79.00277,normal,control,200,17.035961,False,False,
79.003814,79.020073,normal,batch,200,16.258955,True,True,
79.202838,79.217476,normal,batch,200,14.638186,True,True,
79.404918,79.417109,normal,batch,200,12.191057,True,True,
79.602052,79.615428,normal,batch,200,13.375998,True,True,
79.803222,79.820336,normal,batch,200,17.114162,True,True,
79.99128,80.008462,normal,control,200,17.181873,False,False,
80.004863,80.021398,normal,batch,200,16.535044,True,True,
80.204757,80.218365,normal,batch,200,13.607979,True,True,
80.400507,80.415821,normal,batch,200,15.314102,True,True,
80.601247,80.618823,normal,batch,200,17.576218,True,True,
80.801745,80.818515,normal,batch,200,16.77084,True,True,
80.993906,81.006667,normal,control,200,12.761116,False,False,
81.004829,81.02652,normal,batch,200,21.691084,True,True,
81.202053,81.220348,normal,batch,200,18.29505,True,True,
81.404315,81.418927,normal,batch,200,14.613152,True,True,
81.60487,81.621539,normal,batch,200,16.669035,True,True,
81.804897,81.820201,normal,batch,200,15.30385,True,True,
81.998082,82.015122,normal,control,200,17.040014,False,False,
82.004295,82.037269,normal,batch,200,32.973766,True,True,
82.204852,82.22541,normal,batch,200,20.558119,True,True,
82.404441,82.420308,normal,batch,200,15.866756,True,True,
82.600958,82.615096,normal,batch,200,14.138222,True,True,
82.801784,82.819994,normal,batch,200,18.209934,True,True,
83.001031,83.015599,normal,control,200,14.567852,False,False,
83.002258,83.0189,normal,batch,200,16.642094,True,True,
83.20172,83.224428,normal,batch,200,22.707939,True,True,
83.39993,83.419568,normal,batch,200,19.638062,True,True,
83.602825,83.632366,normal,batch,200,29.541016,True,True,
83.802845,83.825257,normal,batch,200,22.411823,True,True,
84.004271,84.025588,normal,batch,200,21.317005,True,True,
84.0056,84.025818,normal,control,200,20.218134,False,False,
84.200366,84.214623,normal,batch,200,14.256954,True,True,
84.399818,84.417107,normal,batch,200,17.288923,True,True,
84.60484,84.635073,normal,batch,200,30.233145,True,True,
84.804741,84.817928,normal,batch,200,13.186693,True,True,
85.003817,85.016476,normal,batch,200,12.659311,True,True,
85.008253,85.020024,normal,control,200,11.771202,False,False,
85.202692,85.220372,normal,batch,200,17.67993,True,True,
85.403618,85.420379,normal,batch,200,16.762018,True,True,
85.600304,85.617638,normal,batch,200,17.333984,True,True,
85.804114,85.828726,normal,batch,200,24.612188,True,True,
86.004854,86.026785,normal,batch,200,21.930933,True,True,
86.009252,86.02698,normal,control,200,17.72809,False,False,
86.202046,86.224588,normal,batch,200,22.542,True,True,
86.399822,86.456828,normal,batch,200,57.006121,True,True,
86.604829,86.631529,normal,batch,200,26.70002,True,True,
86.800514,86.833525,normal,batch,200,33.01096,True,True,
87.00503,87.034992,normal,batch,200,29.961824,True,True,
87.009682,87.03519,normal,control,200,25.507927,False,False,
87.202238,87.252488,normal,batch,200,50.250053,True,True,
87.400857,87.417047,normal,batch,200,16.191006,True,True,
87.600871,87.624641,normal,batch,200,23.770094,True,True,
87.80086,87.817859,normal,batch,200,16.998768,True,True,
88.001483,88.017486,normal,batch,200,16.003132,True,True,
88.014697,88.057148,normal,control,200,42.451382,False,False,
88.201708,88.224447,normal,batch,200,22.738934,True,True,
88.399888,88.412228,normal,batch,200,12.340069,True,True,
88.606401,88.620162,normal,batch,200,13.761997,True,True,
88.801846,88.854939,normal,batch,200,53.092957,True,True,
89.000821,89.019502,normal,batch,200,18.681049,True,True,
89.015763,89.027737,normal,control,200,11.974335,False,False,
89.203081,89.216986,normal,batch,200,13.905287,True,True,
89.403046,89.419458,normal,batch,200,16.411781,True,True,
89.604453,89.61877,normal,batch,200,14.316797,True,True,
89.803663,89.820585,normal,batch,200,16.921997,True,True,
90.020851,90.038547,normal,control,200,17.695904,False,False,
90.270967,90.28479,reject,batch,200,13.823032,True,True,
90.475664,90.500777,reject,batch,200,25.112867,True,True,
90.673855,90.686388,reject,batch,200,12.534142,True,True,
90.876013,90.888281,reject,batch,200,12.268066,True,True,
91.023162,91.051982,reject,control,200,28.819799,False,False,
91.07376,91.087277,reject,batch,200,13.516903,True,True,
91.276094,91.299654,reject,batch,200,23.560047,True,True,
91.472841,91.487698,reject,batch,200,14.856815,True,True,
91.67439,91.68783,reject,batch,200,13.439894,True,True,
91.875985,91.89602,reject,batch,200,20.03479,True,True,
92.027922,92.04563,reject,control,200,17.708063,False,False,
92.071769,92.087398,reject,batch,200,15.629053,True,True,
92.274876,92.299653,reject,batch,200,24.776936,True,True,
92.476002,92.490639,reject,batch,200,14.636993,True,True,
92.671097,92.686234,reject,batch,200,15.136957,True,True,
92.874096,92.88995,reject,batch,200,15.853643,True,True,
93.032947,93.045997,reject,control,200,13.050079,False,False,
93.07584,93.087437,reject,batch,200,11.596918,True,True,
93.275396,93.288298,reject,batch,200,12.901783,True,True,
93.475947,93.488451,reject,batch,200,12.504101,True,True,
93.672822,93.691836,reject,batch,200,19.01412,True,True,
93.876067,93.900221,reject,batch,200,24.153948,True,True,
94.037972,94.05207,reject,control,200,14.098167,False,False,
94.073953,94.085993,reject,batch,200,12.0399,True,True,
94.271727,94.285539,reject,batch,200,13.811827,True,True,
94.473875,94.48703,reject,batch,200,13.155222,True,True,
94.674911,94.689361,reject,batch,200,14.450073,True,True,
94.875666,94.898996,reject,batch,200,23.329973,True,True,
95.041763,95.066229,reject,control,200,24.465799,False,False,
95.073854,95.09414,reject,batch,200,20.286083,True,True,
95.275971,95.308468,reject,batch,200,32.496929,True,True,
95.488453,95.53535,reject,batch,200,46.896935,True,True,
95.676756,95.694502,reject,batch,200,17.74621,True,True,
95.875961,95.955646,reject,batch,200,79.684734,True,True,
96.046819,96.059537,reject,control,200,12.718201,False,False,
96.072046,96.096265,reject,batch,200,24.21999,True,True,
96.27602,96.372419,reject,batch,200,96.399307,True,True,
96.472,96.496926,reject,batch,200,24.925947,True,True,
96.673002,96.708356,reject,batch,200,35.354137,True,True,
96.874986,96.89741,reject,batch,200,22.423983,True,True,
97.050312,97.071969,reject,control,200,21.657228,False,False,
97.072059,97.09739,reject,batch,200,25.330782,True,True,
97.273941,97.309712,reject,batch,200,35.771132,True,True,
97.491072,97.525929,reject,batch,200,34.857035,True,True,
97.676015,97.700064,reject,batch,200,24.048805,True,True,
97.872392,97.905139,reject,batch,200,32.74703,True,True,
98.050462,98.072379,reject,control,200,21.917105,False,False,
98.07526,98.094003,reject,batch,200,18.7428,True,True,
98.272522,98.297737,reject,batch,200,25.214911,True,True,
98.476649,98.513786,reject,batch,200,37.13727,True,True,
98.675445,98.707449,reject,batch,200,32.004118,True,True,
98.874457,98.911901,reject,batch,200,37.443876,True,True,
99.053924,99.09766,reject,control,200,43.735981,False,False,
99.075912,99.137005,reject,batch,200,61.093092,True,True,
99.273916,99.316414,reject,batch,200,42.497873,True,True,
99.475904,99.56719,reject,batch,200,91.285944,True,True,
99.673639,99.712334,reject,batch,200,38.695097,True,True,
99.875733,99.902124,reject,batch,200,26.391029,True,True,
100.058831,100.075539,reject,control,200,16.707897,False,False,
100.075887,100.137456,reject,batch,200,61.569214,True,True,
100.274677,100.296678,reject,batch,200,22.001028,True,True,
100.471311,100.507628,reject,batch,200,36.316872,True,True,
100.674341,100.703963,reject,batch,200,29.622078,True,True,
100.875933,100.924363,reject,batch,200,48.429966,True,True,
101.063864,101.081736,reject,control,200,17.871857,False,False,
101.073941,101.140012,reject,batch,200,66.071033,True,True,
101.275952,101.436978,reject,batch,200,161.025763,True,True,
101.472846,101.53306,reject,batch,200,60.214043,True,True,
101.676663,101.692478,reject,batch,200,15.81502,True,True,
101.873694,101.913479,reject,batch,200,39.785862,True,True,
102.067185,102.106978,reject,control,200,39.792776,False,False,
102.074719,102.10829,reject,batch,200,33.571959,True,True,
102.273722,102.29183,reject,batch,200,18.107891,True,True,
102.475024,102.500512,reject,batch,200,25.4879,True,True,
102.674686,102.698885,reject,batch,200,24.199009,True,True,
102.877853,102.898437,reject,batch,200,20.584106,True,True,
103.072232,103.10098,reject,control,200,28.747797,False,False,
103.072981,103.101659,reject,batch,200,28.678179,True,True,
103.27595,103.292752,reject,batch,200,16.803265,True,True,
103.475926,103.547528,reject,batch,200,71.601868,True,True,
103.675925,103.691397,reject,batch,200,15.472174,True,True,
103.872254,103.888323,reject,batch,200,16.069174,True,True,
104.073205,104.107482,reject,control,200,34.276962,False,False,
104.074685,104.114409,reject,batch,200,39.724112,True,True,
104.275161,104.29218,reject,batch,200,17.018795,True,True,
104.471839,104.496363,reject,batch,200,24.523973,True,True,
104.675564,104.688133,reject,batch,200,12.568951,True,True,
104.875896,104.916225,reject,batch,200,40.328979,True,True,
105.088159,105.106373,reject,batch,200,18.215179,True,True,
105.083022,105.106823,reject,control,200,23.801088,False,False,
105.274971,105.299349,reject,batch,200,24.377823,True,True,
105.472477,105.50677,reject,batch,200,34.292936,True,True,
105.678213,105.696682,reject,batch,200,18.468857,True,True,
105.874125,105.889612,reject,batch,200,15.486956,True,True,
106.080399,106.097579,reject,batch,200,17.179966,True,True,
106.086675,106.09997,reject,control,200,13.295174,False,False,
106.273395,106.290767,reject,batch,200,17.372131,True,True,
106.479379,106.514993,reject,batch,200,35.614252,True,True,
106.675764,106.705113,reject,batch,200,29.349089,True,True,
106.872688,106.935142,reject,batch,200,62.453985,True,True,
107.074768,107.087759,reject,batch,200,12.990952,True,True,
107.091708,107.104741,reject,control,200,13.032913,False,False,
107.275608,107.331303,reject,batch,200,55.694818,True,True,
107.475886,107.519079,reject,batch,200,43.192863,True,True,
107.671688,107.695833,reject,batch,200,24.145126,True,True,
107.872495,107.901856,reject,batch,200,29.360771,True,True,
108.075902,108.092779,reject,batch,200,16.876936,True,True,
108.092818,108.137452,reject,control,200,44.634104,False,False,
108.275904,108.289015,reject,batch,200,13.111115,True,True,
108.473866,108.506944,reject,batch,200,33.077955,True,True,
108.67468,108.688502,reject,batch,200,13.823032,True,True,
108.872511,108.884598,reject,batch,200,12.087107,True,True,
109.075858,109.089445,reject,batch,200,13.587236,True,True,
109.093788,109.11124,reject,control,200,17.452717,False,False,
109.274696,109.299375,reject,batch,200,24.679184,True,True,
109.473182,109.494561,reject,batch,200,21.378994,True,True,
109.671722,109.692715,reject,batch,200,20.992994,True,True,
109.872636,109.884763,reject,batch,200,12.126923,True,True,
110.072486,110.088375,reject,batch,200,15.889883,True,True,
110.094655,110.111593,reject,control,200,16.937971,False,False,
110.275715,110.312006,reject,batch,200,36.290884,True,True,
110.475889,110.488493,reject,batch,200,12.60376,True,True,
110.673928,110.694292,reject,batch,200,20.364046,True,True,
110.871978,110.887346,reject,batch,200,15.367746,True,True,
111.074544,111.088841,reject,batch,200,14.29677,True,True,
111.099687,111.116789,reject,control,200,17.102003,False,False,
111.27361,111.285713,reject,batch,200,12.103319,True,True,
111.476036,111.501968,reject,batch,200,25.932074,True,True,
111.672507,111.689674,reject,batch,200,17.166853,True,True,
111.874843,111.887105,reject,batch,200,12.261868,True,True,
112.07572,112.097053,reject,batch,200,21.332979,True,True,
112.102696,112.11697,reject,control,200,14.273882,False,False,
112.27523,112.289038,reject,batch,200,13.808012,True,True,
112.473036,112.493514,reject,batch,200,20.477772,True,True,
112.674271,112.699528,reject,batch,200,25.257111,True,True,
112.875838,112.89526,reject,batch,200,19.422293,True,True,
113.073775,113.090386,reject,batch,200,16.610861,True,True,
113.103657,113.116201,reject,control,200,12.543917,False,False,
113.275881,113.29848,reject,batch,200,22.59922,True,True,
113.474924,113.488558,reject,batch,200,13.633966,True,True,
113.673921,113.701473,reject,batch,200,27.552128,True,True,
113.873805,113.895437,reject,batch,200,21.63291,True,True,
114.075688,114.130699,reject,batch,200,55.011034,True,True,
114.104327,114.131084,reject,control,200,26.756763,False,False,
114.275267,114.287367,reject,batch,200,12.100697,True,True,
114.471266,114.509455,reject,batch,200,38.188934,True,True,
114.675883,114.689279,reject,batch,200,13.395786,True,True,
114.872767,114.889933,reject,batch,200,17.166138,True,True,
115.0735,115.091223,reject,batch,200,17.722845,True,True,
115.109352,115.123977,reject,control,200,14.625072,False,False,
115.275692,115.295329,reject,batch,200,19.637108,True,True,
115.47277,115.500343,reject,batch,200,27.573109,True,True,
115.67249,115.720738,reject,batch,200,48.248053,True,True,
115.873163,115.886554,reject,batch,200,13.391018,True,True,
116.073126,116.090356,reject,batch,200,17.229795,True,True,
116.110949,116.127773,reject,control,200,16.823769,False,False,
116.275876,116.434898,reject,batch,200,159.021854,True,True,
116.475931,116.558109,reject,batch,200,82.177639,True,True,
116.67426,116.722205,reject,batch,200,47.945023,True,True,
116.870876,116.890547,reject,batch,200,19.670725,True,True,
117.075861,117.093354,reject,batch,200,17.49301,True,True,
117.113138,117.129212,reject,control,200,16.074181,False,False,
117.275561,117.290933,reject,batch,200,15.372038,True,True,
117.473388,117.491483,reject,batch,200,18.095016,True,True,
117.672848,117.685691,reject,batch,200,12.843132,True,True,
117.879453,117.897651,reject,batch,200,18.198967,True,True,
118.115456,118.186312,reject,control,200,70.856094,False,False,
118.073831,118.186502,reject,batch,200,112.671375,True,True,
118.273827,118.290183,reject,batch,200,16.355991,True,True,
118.475897,118.490194,reject,batch,200,14.29677,True,True,
118.673195,118.689711,reject,batch,200,16.517162,True,True,
118.875826,118.890831,reject,batch,200,15.005112,True,True,
119.075224,119.087795,reject,batch,200,12.570858,True,True,
119.120485,119.135576,reject,control,200,15.090942,False,False,
119.27554,119.28798,reject,batch,200,12.440205,True,True,
119.47138,119.49057,reject,batch,200,19.189835,True,True,
119.675809,119.692847,reject,batch,200,17.038107,True,True,
119.873926,119.885614,reject,batch,200,11.687756,True,True,
120.075306,120.088164,reject,batch,200,12.858152,True,True,
120.125512,120.149171,reject,control,200,23.658991,False,False,
120.273754,120.289501,reject,batch,200,15.746832,True,True,
120.474747,120.487594,reject,batch,200,12.846708,True,True,
120.673866,120.687125,reject,batch,200,13.258934,True,True,
120.872002,120.904406,reject,batch,200,32.404184,True,True,
121.072106,121.118198,reject,batch,200,46.092033,True,True,
121.130531,121.148355,reject,control,200,17.824888,False,False,
121.275567,121.300239,reject,batch,200,24.672031,True,True,
121.4758,121.489297,reject,batch,200,13.497114,True,True,
121.675792,121.695906,reject,batch,200,20.113945,True,True,
121.875603,121.891183,reject,batch,200,15.580177,True,True,
122.075799,122.089401,reject,batch,200,13.602018,True,True,
122.134147,122.164326,reject,control,200,30.179262,False,False,
122.275578,122.314888,reject,batch,200,39.309978,True,True,
122.475781,122.491887,reject,batch,200,16.106129,True,True,
122.675816,122.688968,reject,batch,200,13.152122,True,True,
122.875805,122.892133,reject,batch,200,16.328096,True,True,
123.072641,123.089119,reject,batch,200,16.478062,True,True,
123.139167,123.155048,reject,control,200,15.881062,False,False,
123.273827,123.290659,reject,batch,200,16.831875,True,True,
123.471142,123.491876,reject,batch,200,20.734072,True,True,
123.674756,123.720997,reject,batch,200,46.241045,True,True,
123.874777,123.893253,reject,batch,200,18.476009,True,True,
124.075775,124.103766,reject,batch,200,27.99201,True,True,
124.140766,124.233376,reject,control,200,92.611074,False,False,
124.275788,124.313042,reject,batch,200,37.253857,True,True,
124.474709,124.489295,reject,batch,200,14.585972,True,True,
124.676161,124.691245,reject,batch,200,15.084028,True,True,
124.875781,124.896315,reject,batch,200,20.534039,True,True,
125.073764,125.086713,reject,batch,200,12.94899,True,True,
125.141743,125.158344,reject,control,200,16.600847,False,False,
125.274443,125.297468,reject,batch,200,23.025274,True,True,
125.470817,125.484631,reject,batch,200,13.813972,True,True,
125.673798,125.688219,reject,batch,200,14.420986,True,True,
125.872804,125.895605,reject,batch,200,22.800684,True,True,
126.075632,126.094851,reject,batch,200,19.218922,True,True,
126.142624,126.158341,reject,control,200,15.717268,False,False,
126.273643,126.289823,reject,batch,200,16.1798,True,True,
126.475798,126.488106,reject,batch,200,12.308121,True,True,
126.674198,126.69035,reject,batch,200,16.152143,True,True,
126.875384,126.920448,reject,batch,200,45.064926,True,True,
127.074199,127.098111,reject,batch,200,23.911953,True,True,
127.146988,127.178659,reject,control,200,31.671047,False,False,
127.275739,127.294885,reject,batch,200,19.145966,True,True,
127.475787,127.493174,reject,batch,200,17.387152,True,True,
127.675772,127.691838,reject,batch,200,16.065836,True,True,
127.873294,127.897707,reject,batch,200,24.41287,True,True,
128.073546,128.091302,reject,batch,200,17.756224,True,True,
128.152017,128.165506,reject,control,200,13.48877,False,False,
128.272677,128.31086,reject,batch,200,38.182735,True,True,
128.475604,128.490836,reject,batch,200,15.232086,True,True,
128.672689,128.692961,reject,batch,200,20.271778,True,True,
128.872926,128.886147,reject,batch,200,13.221979,True,True,
129.072734,129.094133,reject,batch,200,21.399021,True,True,
129.155337,129.182035,reject,control,200,26.698112,False,False,
129.274414,129.294701,reject,batch,200,20.287037,True,True,
129.475725,129.489754,reject,batch,200,14.029026,True,True,
129.67321,129.685564,reject,batch,200,12.353897,True,True,
129.87574,129.89173,reject,batch,200,15.98978,True,True,
130.073093,130.086275,reject,batch,200,13.181925,True,True,
130.156978,130.180413,reject,control,200,23.434877,False,False,
130.274824,130.291532,reject,batch,200,16.708136,True,True,
130.475724,130.487671,reject,batch,200,11.946917,True,True,
130.675728,130.695296,reject,batch,200,19.567966,True,True,
130.871863,130.886251,reject,batch,200,14.388084,True,True,
131.158669,131.185784,reject,control,200,27.115107,False,False,
131.075773,131.185954,reject,batch,200,110.181093,True,True,
131.274386,131.28678,reject,batch,200,12.39419,True,True,
131.475753,131.488557,reject,batch,200,12.80427,True,True,
131.672371,131.686174,reject,batch,200,13.803959,True,True,
131.872823,131.897516,reject,batch,200,24.693012,True,True,
132.074495,132.090813,reject,batch,200,16.318083,True,True,
132.163691,132.181539,reject,control,200,17.848015,False,False,
132.273711,132.31243,reject,batch,200,38.719177,True,True,
132.474693,132.488239,reject,batch,200,13.54599,True,True,
132.675711,132.709837,reject,batch,200,34.126043,True,True,
132.875713,132.937932,reject,batch,200,62.219143,True,True,
133.075712,133.107896,reject,batch,200,32.184124,True,True,
133.168893,133.186035,reject,control,200,17.142057,False,False,
133.27119,133.290152,reject,batch,200,18.961906,True,True,
133.471961,133.48715,reject,batch,200,15.188932,True,True,
133.672595,133.693408,reject,batch,200,20.813227,True,True,
133.871615,133.888694,reject,batch,200,17.079115,True,True,
134.07472,134.091689,reject,batch,200,16.968966,True,True,
134.168965,134.182034,reject,control,200,13.068676,False,False,
134.275464,134.290621,reject,batch,200,15.156984,True,True,
134.471029,134.509781,reject,batch,200,38.751841,True,True,
134.6751,134.696144,reject,batch,200,21.044016,True,True,
134.872802,134.889023,reject,batch,200,16.220808,True,True,
135.075723,135.088592,reject,batch,200,12.86912,True,True,
135.169637,135.194331,reject,control,200,24.694204,False,False,
135.275613,135.294262,reject,batch,200,18.649101,True,True,
135.472598,135.48637,reject,batch,200,13.772011,True,True,
135.675723,135.688748,reject,batch,200,13.024807,True,True,
135.875735,135.891076,reject,batch,200,15.341043,True,True,
136.072898,136.085326,reject,batch,200,12.428045,True,True,
136.174668,136.212584,reject,control,200,37.915707,False,False,
136.271668,136.287201,reject,batch,200,15.53297,True,True,
136.475728,136.489409,reject,batch,200,13.680935,True,True,
136.675724,136.703106,reject,batch,200,27.381897,True,True,
136.872407,136.884722,reject,batch,200,12.314796,True,True,
137.072194,137.09343,reject,batch,200,21.235943,True,True,
137.178201,137.22017,reject,control,200,41.969061,False,False,
137.275742,137.292197,reject,batch,200,16.455173,True,True,
137.475724,137.499986,reject,batch,200,24.261951,True,True,
137.670906,137.733052,reject,batch,200,62.145948,True,True,
137.875795,137.890389,reject,batch,200,14.594078,True,True,
138.074128,138.089651,reject,batch,200,15.522718,True,True,
138.183231,138.19806,reject,control,200,14.829159,False,False,
138.27471,138.28765,reject,batch,200,12.940168,True,True,
138.475817,138.494448,reject,batch,200,18.63122,True,True,
138.670908,138.695988,reject,batch,200,25.079727,True,True,
138.875671,138.887446,reject,batch,200,11.775017,True,True,
139.074623,139.086852,reject,batch,200,12.229204,True,True,
139.188272,139.200589,reject,control,200,12.316942,False,False,
139.275716,139.30144,reject,batch,200,25.723934,True,True,
139.480296,139.503843,reject,batch,200,23.547173,True,True,
139.673684,139.689134,reject,batch,200,15.450239,True,True,
139.875682,139.89857,reject,batch,200,22.887707,True,True,
140.074216,140.098624,reject,batch,200,24.408102,True,True,
140.193303,140.215912,reject,control,200,22.608757,False,False,
140.270777,140.287934,reject,batch,200,17.156839,True,True,
140.471828,140.490724,reject,batch,200,18.896103,True,True,
140.672714,140.705749,reject,batch,200,33.03504,True,True,
140.875672,140.899595,reject,batch,200,23.92292,True,True,
141.070794,141.109845,reject,batch,200,39.051056,True,True,
141.196285,141.223076,reject,control,200,26.791334,False,False,
141.275244,141.3154,reject,batch,200,40.155888,True,True,
141.483303,141.524873,reject,batch,200,41.570187,True,True,
141.671808,141.688387,reject,batch,200,16.578913,True,True,
141.873244,141.891668,reject,batch,200,18.423796,True,True,
142.073736,142.086726,reject,batch,200,12.990236,True,True,
142.199775,142.214491,reject,control,200,14.716148,False,False,
142.275102,142.293553,reject,batch,200,18.451214,True,True,
142.475341,142.543348,reject,batch,200,68.006754,True,True,
142.67569,142.688443,reject,batch,200,12.753248,True,True,
142.871502,142.889608,reject,batch,200,18.106937,True,True,
143.074553,143.099513,reject,batch,200,24.960041,True,True,
143.205763,143.222637,reject,control,200,16.875029,False,False,
143.274259,143.289657,reject,batch,200,15.398264,True,True,
143.476955,143.496556,reject,batch,200,19.600868,True,True,
143.672765,143.690852,reject,batch,200,18.087387,True,True,
143.874704,143.892055,reject,batch,200,17.350912,True,True,
144.073452,144.095713,reject,batch,200,22.260904,True,True,
144.210799,144.23837,reject,control,200,27.570963,False,False,
144.272063,144.289342,reject,batch,200,17.279863,True,True,
144.517936,144.558683,reject,batch,200,40.747166,True,True,
144.670987,144.689028,reject,batch,200,18.041134,True,True,
144.87139,144.89996,reject,batch,200,28.570175,True,True,
145.073636,145.088796,reject,batch,200,15.160084,True,True,
145.215634,145.236454,reject,control,200,20.820141,False,False,
145.272394,145.28531,reject,batch,200,12.91585,True,True,
145.474727,145.535855,reject,batch,200,61.128139,True,True,
145.675664,145.693352,reject,batch,200,17.687798,True,True,
145.873843,145.915249,reject,batch,200,41.406155,True,True,
146.075697,146.126252,reject,batch,200,50.554752,True,True,
146.220658,146.34192,reject,control,200,121.263266,False,False,
146.275664,146.457345,reject,batch,200,181.680918,True,True,
146.475415,146.546134,reject,batch,200,70.719004,True,True,
146.675651,146.911322,reject,batch,200,235.671043,True,True,
146.87126,146.992113,reject,batch,200,120.852947,True,True,
147.070786,147.107814,reject,batch,200,37.028074,True,True,
147.222513,147.253747,reject,control,200,31.233788,False,False,
147.270721,147.289049,reject,batch,200,18.32819,True,True,
147.4708,147.53137,reject,batch,200,60.569763,True,True,
147.672214,147.688562,reject,batch,200,16.347885,True,True,
147.871623,147.893507,reject,batch,200,21.883965,True,True,
148.073614,148.104388,reject,batch,200,30.773878,True,True,
148.227531,148.242051,reject,control,200,14.520168,False,False,
148.273748,148.289656,reject,batch,200,15.908003,True,True,
148.472815,148.494029,reject,batch,200,21.214008,True,True,
148.674069,148.689005,reject,batch,200,14.93597,True,True,
148.872287,148.904636,reject,batch,200,32.34911,True,True,
149.072778,149.093866,reject,batch,200,21.087885,True,True,
149.232077,149.245651,reject,control,200,13.573885,False,False,
149.27565,149.304071,reject,batch,200,28.421164,True,True,
149.475911,149.499784,reject,batch,200,23.872852,True,True,
149.67627,149.718122,reject,batch,200,41.851997,True,True,
149.87313,149.89892,reject,batch,200,25.789976,True,True,
150.075182,150.092213,reject,batch,200,17.030954,True,True,
150.233469,150.276411,reject,control,200,42.942286,False,False,
150.271175,150.309946,reject,batch,200,38.770914,True,True,
150.475611,150.496282,reject,batch,200,20.671844,True,True,
150.673758,150.704436,reject,batch,200,30.678034,True,True,
150.872581,150.889151,reject,batch,200,16.569853,True,True,
151.071534,151.085153,reject,batch,200,13.618946,True,True,
151.236295,151.254431,reject,control,200,18.135786,False,False,
151.273568,151.285274,reject,batch,200,11.706114,True,True,
151.470634,151.488521,reject,batch,200,17.886877,True,True,
151.674603,151.686626,reject,batch,200,12.022972,True,True,
151.873122,151.892106,reject,batch,200,18.985033,True,True,
152.074416,152.105135,reject,batch,200,30.718803,True,True,
152.240613,152.261563,reject,control,200,20.950079,False,False,
152.274576,152.290748,reject,batch,200,16.171932,True,True,
152.474499,152.486754,reject,batch,200,12.254953,True,True,
152.675553,152.690718,reject,batch,200,15.164852,True,True,
152.872374,152.887561,reject,batch,200,15.186787,True,True,
153.073895,153.089866,reject,batch,200,15.970945,True,True,
153.24458,153.268388,reject,control,200,23.808002,False,False,
153.275054,153.290383,reject,batch,200,15.329123,True,True,
153.472631,153.504,reject,batch,200,31.368971,True,True,
153.672651,153.698962,reject,batch,200,26.310921,True,True,
153.875494,153.887963,reject,batch,200,12.470007,True,True,
154.073897,154.098117,reject,batch,200,24.220228,True,True,
154.247578,154.263056,reject,control,200,15.477896,False,False,
154.275449,154.298904,reject,batch,200,23.454905,True,True,
154.475609,154.489124,reject,batch,200,13.514996,True,True,
154.676159,154.703176,reject,batch,200,27.016878,True,True,
154.875611,154.891023,reject,batch,200,15.412092,True,True,
155.074201,155.117998,reject,batch,200,43.797016,True,True,
155.251519,155.270203,reject,control,200,18.684149,False,False,
155.273496,155.299322,reject,batch,200,25.826216,True,True,
155.471457,155.49603,reject,batch,200,24.572849,True,True,
155.670801,155.684802,reject,batch,200,14.000893,True,True,
155.870598,155.883497,reject,batch,200,12.898922,True,True,
156.070603,156.084863,reject,batch,200,14.260054,True,True,
156.255541,156.28731,reject,control,200,31.769276,False,False,
156.273682,156.28904,reject,batch,200,15.359163,True,True,
156.473858,156.487406,reject,batch,200,13.547897,True,True,
156.67197,156.689703,reject,batch,200,17.732859,True,True,
156.871622,156.898237,reject,batch,200,26.614904,True,True,
157.071666,157.089926,reject,batch,200,18.261433,True,True,
157.260588,157.282077,reject,control,200,21.488905,False,False,
157.275589,157.287645,reject,batch,200,12.055874,True,True,
157.478463,157.505441,reject,batch,200,26.978016,True,True,
157.670967,157.692183,reject,batch,200,21.215916,True,True,
157.875822,157.899414,reject,batch,200,23.591995,True,True,
158.074719,158.102561,reject,batch,200,27.842999,True,True,
158.270797,158.304967,reject,batch,200,34.170151,True,True,
158.265609,158.305144,reject,control,200,39.535046,False,False,
158.475607,158.499471,reject,batch,200,23.864031,True,True,
158.672217,158.688066,reject,batch,200,15.848875,True,True,
158.870866,158.891654,reject,batch,200,20.788193,True,True,
159.074327,159.09783,reject,batch,200,23.503065,True,True,
159.274931,159.302364,reject,batch,200,27.433157,True,True,
159.270626,159.302566,reject,control,200,31.939983,False,False,
159.473715,159.487206,reject,batch,200,13.491154,True,True,
159.675149,159.694638,reject,batch,200,19.48905,True,True,
159.875543,159.962448,reject,batch,200,86.905241,True,True,
160.075566,160.108013,reject,batch,200,32.446861,True,True,
160.270735,160.287112,reject,batch,200,16.376972,True,True,
160.275683,160.290748,reject,control,200,15.065193,False,False,
160.47475,160.487027,reject,batch,200,12.277126,True,True,
160.671064,160.685522,reject,batch,200,14.457941,True,True,
160.875591,160.891624,reject,batch,200,16.033888,True,True,
161.074689,161.087595,reject,batch,200,12.906075,True,True,
161.274908,161.317114,reject,batch,200,42.207003,True,True,
161.277743,161.31746,reject,control,200,39.717913,False,False,
161.472623,161.4909,reject,batch,200,18.27693,True,True,
161.671726,161.688223,reject,batch,200,16.496897,True,True,
161.872555,161.906778,reject,batch,200,34.22308,True,True,
162.074384,162.090639,reject,batch,200,16.25514,True,True,
162.274936,162.314058,reject,batch,200,39.121866,True,True,
162.282183,162.314335,reject,control,200,32.151699,False,False,
162.474749,162.495365,reject,batch,200,20.616293,True,True,
162.675066,162.695008,reject,batch,200,19.942045,True,True,
162.877545,162.890834,reject,batch,200,13.288975,True,True,
163.074053,163.086833,reject,batch,200,12.779951,True,True,
163.275419,163.289963,reject,batch,200,14.54401,True,True,
163.286541,163.3013,reject,control,200,14.758825,False,False,
163.471842,163.488079,reject,batch,200,16.23702,True,True,
163.670812,163.684877,reject,batch,200,14.064789,True,True,
163.884055,163.903789,reject,batch,200,19.734144,True,True,
164.07778,164.100739,reject,batch,200,22.958994,True,True,
164.276244,164.289418,reject,batch,200,13.175011,True,True,
164.294427,164.319541,reject,control,200,25.113821,False,False,
164.472396,164.503776,reject,batch,200,31.38113,True,True,
164.676762,164.69681,reject,batch,200,20.047903,True,True,
164.872593,164.90413,reject,batch,200,31.536818,True,True,
165.075715,165.092347,reject,batch,200,16.63208,True,True,
165.284159,165.308893,reject,batch,200,24.73402,True,True,
165.296517,165.327673,reject,control,200,31.155825,False,False,
165.472919,165.49982,reject,batch,200,26.901007,True,True,
165.672725,165.691886,reject,batch,200,19.160986,True,True,
165.876647,165.90521,reject,batch,200,28.563261,True,True,
166.073561,166.099124,reject,batch,200,25.563002,True,True,
166.274033,166.298884,reject,batch,200,24.851084,True,True,
166.298082,166.315065,reject,control,200,16.983986,False,False,
166.477101,166.50355,reject,batch,200,26.448727,True,True,
166.676427,166.711188,reject,batch,200,34.762144,True,True,
166.872557,166.938455,reject,batch,200,65.89818,True,True,
167.07553,167.106479,reject,batch,200,30.949116,True,True,
167.274567,167.296043,reject,batch,200,21.475792,True,True,
167.300009,167.32642,reject,control,200,26.410818,False,False,
167.473257,167.49283,reject,batch,200,19.572973,True,True,
167.671357,167.686418,reject,batch,200,15.060902,True,True,
167.874733,167.891692,reject,batch,200,16.958952,True,True,
168.070943,168.08805,reject,batch,200,17.10701,True,True,
168.273489,168.345006,reject,batch,200,71.516991,True,True,
168.305037,168.348658,reject,control,200,43.621778,False,False,
168.475835,168.498462,reject,batch,200,22.626877,True,True,
168.674624,168.690651,reject,batch,200,16.027212,True,True,
168.877271,168.925819,reject,batch,200,48.548222,True,True,
169.074895,169.091223,reject,batch,200,16.327858,True,True,
169.275055,169.289465,reject,batch,200,14.409781,True,True,
169.309496,169.329329,reject,control,200,19.833088,False,False,
169.473227,169.503681,reject,batch,200,30.45392,True,True,
169.670589,169.690832,reject,batch,200,20.243168,True,True,
169.875901,169.893005,reject,batch,200,17.10391,True,True,
170.075602,170.091934,reject,batch,200,16.33215,True,True,
170.274485,170.299145,reject,batch,200,24.66011,True,True,
170.314805,170.338414,reject,control,200,23.608923,False,False,
170.474993,170.486239,reject,batch,200,11.24692,True,True,
170.67059,170.689138,reject,batch,200,18.548012,True,True,
170.877463,170.894955,reject,batch,200,17.491817,True,True,
171.074225,171.088787,reject,batch,200,14.561653,True,True,
171.272525,171.371419,reject,batch,200,98.894119,True,True,
171.319227,171.426479,reject,control,200,107.252121,False,False,
171.475534,171.495282,reject,batch,200,19.747972,True,True,
171.675305,171.688484,reject,batch,200,13.179064,True,True,
171.871521,171.899214,reject,batch,200,27.693033,True,True,
172.073735,172.09186,reject,batch,200,18.12458,True,True,
172.274117,172.286714,reject,batch,200,12.597084,True,True,
172.319606,172.338209,reject,control,200,18.602848,False,False,
172.473044,172.486881,reject,batch,200,13.837099,True,True,
172.675491,172.687303,reject,batch,200,11.811972,True,True,
172.877555,172.918358,reject,batch,200,40.803194,True,True,
173.075513,173.090062,reject,batch,200,14.549017,True,True,
173.274846,173.288261,reject,batch,200,13.415337,True,True,
173.323512,173.340076,reject,control,200,16.564846,False,False,
173.475121,173.490257,reject,batch,200,15.136003,True,True,
173.67124,173.6873,reject,batch,200,16.060114,True,True,
173.873325,173.915569,reject,batch,200,42.243958,True,True,
174.073638,174.085959,reject,batch,200,12.320995,True,True,
174.274908,174.354909,reject,batch,200,80.000877,True,True,
174.328548,174.368311,reject,control,200,39.762974,False,False,
174.47153,174.497895,reject,batch,200,26.365995,True,True,
174.673172,174.697665,reject,batch,200,24.492979,True,True,
174.872542,174.896117,reject,batch,200,23.575068,True,True,
175.074659,175.088626,reject,batch,200,13.966799,True,True,
175.272985,175.299995,reject,batch,200,27.010202,True,True,
175.331286,175.35021,reject,control,200,18.923998,False,False,
175.472313,175.489662,reject,batch,200,17.349005,True,True,
175.675507,175.696811,reject,batch,200,21.304131,True,True,
175.877552,175.919247,reject,batch,200,41.695118,True,True,
176.078225,176.098553,reject,batch,200,20.327806,True,True,
176.270613,176.28843,reject,batch,200,17.81702,True,True,
176.335597,176.35427,reject,control,200,18.672943,False,False,
176.470637,176.487488,reject,batch,200,16.850948,True,True,
176.675464,176.690364,reject,batch,200,14.900923,True,True,
176.875268,176.909684,reject,batch,200,34.41596,True,True,
177.073736,177.101095,reject,batch,200,27.359009,True,True,
177.274517,177.286251,reject,batch,200,11.734009,True,True,
177.336921,177.356587,reject,control,200,19.665956,False,False,
177.471593,177.486405,reject,batch,200,14.814138,True,True,
177.675475,177.690785,reject,batch,200,15.310049,True,True,
177.870773,177.885703,reject,batch,200,14.930248,True,True,
178.070625,178.08284,reject,batch,200,12.214899,True,True,
178.274532,178.294586,reject,batch,200,20.054102,True,True,
178.340528,178.368191,reject,control,200,27.662992,False,False,
178.473063,178.486795,reject,batch,200,13.732195,True,True,
178.670714,178.696821,reject,batch,200,26.106834,True,True,
178.871448,178.884245,reject,batch,200,12.796879,True,True,
179.075076,179.094891,reject,batch,200,19.814968,True,True,
179.274895,179.290621,reject,batch,200,15.725851,True,True,
179.342474,179.35795,reject,control,200,15.475988,False,False,
179.471605,179.489057,reject,batch,200,17.452002,True,True,
179.671011,179.684352,reject,batch,200,13.34095,True,True,
179.874375,179.895084,reject,batch,200,20.708799,True,True,
180.079475,180.117658,reject,batch,200,38.183212,True,True,
180.343539,180.359913,reject,control,200,16.373873,False,False,
181.00417,181.067952,queue,batch,429,63.782215,True,True,1
181.202605,181.219058,queue,batch,429,16.452789,True,True,1
181.346597,181.358744,queue,control,200,12.14695,False,False,
181.407118,181.422949,queue,batch,429,15.830994,True,True,1
181.606497,181.616249,queue,batch,429,9.752035,True,True,2
181.802566,181.811487,queue,batch,429,8.920908,True,True,2
182.002616,182.011335,queue,batch,429,8.719206,True,True,2
182.202825,182.224819,queue,batch,429,21.994114,True,True,2
182.350731,182.363815,queue,control,200,13.083935,False,False,
182.407164,182.415743,queue,batch,429,8.578777,True,True,2
182.607171,182.616252,queue,batch,429,9.081125,True,True,2
182.807158,182.822613,queue,batch,429,15.455008,True,True,2
183.004003,183.016638,queue,batch,429,12.634754,True,True,2
183.20618,183.217889,queue,batch,429,11.708975,True,True,2
183.355762,183.369433,queue,control,200,13.67116,False,False,
183.407144,183.416505,queue,batch,429,9.361267,True,True,2
183.606353,183.623396,queue,batch,429,17.043114,True,True,4
183.805758,183.820447,queue,batch,429,14.688969,True,True,4
184.003514,184.019434,queue,batch,429,15.919924,True,True,4
184.205341,184.215212,queue,batch,429,9.871006,True,True,4
184.358525,184.376961,queue,control,200,18.436193,False,False,
184.407105,184.416798,queue,batch,429,9.693861,True,True,4
184.604534,184.667108,queue,batch,429,62.574148,True,True,4
184.804388,184.814044,queue,batch,429,9.655952,True,True,4
185.006684,185.022273,queue,batch,429,15.588999,True,True,4
185.204556,185.21433,queue,batch,429,9.77397,True,True,4
185.363373,185.375981,queue,control,200,12.608051,False,False,
185.406114,185.418685,queue,batch,429,12.570858,True,True,4
185.607109,185.617296,queue,batch,429,10.186911,True,True,4
180.602136,185.630502,queue,batch,429,5028.36585,True,True,4
180.807179,185.822412,queue,batch,429,5015.23304,True,True,4
186.206035,186.263662,queue,batch,429,57.627201,True,True,4
186.365101,186.389334,queue,control,200,24.233818,False,False,
186.403063,186.415768,queue,batch,429,12.704849,True,True,4
186.604531,186.618586,queue,batch,429,14.055252,True,True,4
186.802698,186.838646,queue,batch,429,35.948038,True,True,4
187.00445,187.01669,queue,batch,429,12.239695,True,True,4
187.206131,187.216991,queue,batch,429,10.859966,True,True,4
187.367127,187.404013,queue,control,200,36.885977,False,False,
187.406416,187.416329,queue,batch,429,9.912729,True,True,4
187.604595,187.620183,queue,batch,429,15.588045,True,True,8
187.80565,187.830772,queue,batch,429,25.122166,True,True,8
188.002797,188.029382,queue,batch,429,26.584864,True,True,8
188.202546,188.264279,queue,batch,429,61.733007,True,True,8
188.407091,188.439225,queue,batch,429,32.134056,True,True,8
188.368443,188.441927,queue,control,200,73.484182,False,False,
188.603798,188.6257,queue,batch,429,21.902084,True,True,8
188.802687,188.816051,queue,batch,429,13.364077,True,True,8
189.006661,189.022291,queue,batch,429,15.629768,True,True,8
189.205607,189.216483,queue,batch,429,10.876179,True,True,8
189.370536,189.383001,queue,control,200,12.465239,False,False,
189.40629,189.459852,queue,batch,429,53.562164,True,True,8
189.603231,189.634678,queue,batch,429,31.446934,True,True,8
189.805474,189.816518,queue,batch,429,11.044025,True,True,8
190.007081,190.019586,queue,batch,429,12.505054,True,True,8
190.206565,190.216292,queue,batch,429,9.727001,True,True,8
190.37514,190.388825,queue,control,200,13.684988,False,False,
190.405579,190.415464,queue,batch,429,9.885073,True,True,8
190.603456,190.617433,queue,batch,429,13.977051,True,True,8
190.803451,190.813882,queue,batch,429,10.431051,True,True,8
185.805768,190.818781,queue,batch,429,5013.013124,True,True,8
186.004877,191.01612,queue,batch,429,5011.242867,True,True,8
191.379991,191.39276,queue,control,200,12.768984,False,False,
191.407079,191.417554,queue,batch,429,10.47492,True,True,8
191.604511,191.616978,queue,batch,429,12.466908,True,True,8
191.806204,191.822089,queue,batch,429,15.88583,True,True,8
192.007084,192.019867,queue,batch,429,12.783289,True,True,8
192.207096,192.219037,queue,batch,429,11.940718,True,True,8
192.384242,192.403298,queue,control,200,19.056082,False,False,
192.406708,192.41809,queue,batch,429,11.381865,True,True,8
192.60472,192.618607,queue,batch,429,13.886929,True,True,8
192.802599,192.813161,queue,batch,429,10.561943,True,True,8
193.00717,193.018159,queue,batch,429,10.989189,True,True,8
193.205577,193.218058,queue,batch,429,12.482166,True,True,8
193.38626,193.406682,queue,control,200,20.421982,False,False,
193.405,193.415618,queue,batch,429,10.617971,True,True,8
193.60431,193.624723,queue,batch,429,20.412922,True,True,8
193.805704,193.816496,queue,batch,429,10.792255,True,True,8
194.041918,194.064375,queue,batch,429,22.457123,True,True,8
194.202608,194.21652,queue,batch,429,13.911724,True,True,8
194.387105,194.403009,queue,control,200,15.90395,False,False,
194.40397,194.416469,queue,batch,429,12.498856,True,True,8
194.604642,194.616002,queue,batch,429,11.360168,True,True,8
194.807111,194.818282,queue,batch,429,11.170864,True,True,8
195.005667,195.01637,queue,batch,429,10.702848,True,True,8
195.207453,195.219085,queue,batch,429,11.632204,True,True,8
195.387582,195.418172,queue,control,200,30.591011,False,False,
195.407172,195.430025,queue,batch,429,22.852898,True,True,8
195.607055,195.617608,queue,batch,429,10.552883,True,True,16
195.802335,195.814493,queue,batch,429,12.157917,True,True,16
191.004556,196.014199,queue,batch,429,5009.643078,True,True,16
191.205631,196.215114,queue,batch,429,5009.482861,True,True,16
196.407054,196.475315,queue,batch,429,68.260908,True,True,16
196.392588,196.482842,queue,control,200,90.254068,False,False,
196.607049,196.620112,queue,batch,429,13.063192,True,True,16
196.804396,196.81318,queue,batch,429,8.784294,True,True,16
197.007292,197.019821,queue,batch,429,12.528896,True,True,16
197.205035,197.271823,queue,batch,429,66.788197,True,True,16
197.39715,197.484999,queue,control,200,87.850094,False,False,
197.40809,197.509527,queue,batch,429,101.436853,True,True,16
197.602974,197.621706,queue,batch,429,18.733025,True,True,16
197.802493,197.826769,queue,batch,429,24.276257,True,True,16
198.004916,198.020228,queue,batch,429,15.312195,True,True,16
198.206176,198.260489,queue,batch,429,54.312944,True,True,16
198.397317,198.409667,queue,control,200,12.349844,False,False,
198.402241,198.416664,queue,batch,429,14.423132,True,True,16
198.607297,198.632834,queue,batch,429,25.537968,True,True,16
198.803632,198.824362,queue,batch,429,20.730019,True,True,16
199.005363,199.014015,queue,batch,429,8.651972,True,True,16
199.205974,199.214415,queue,batch,429,8.44121,True,True,16
199.402416,199.414812,queue,control,200,12.396097,False,False,
199.404533,199.415172,queue,batch,429,10.639191,True,True,16
199.60361,199.615217,queue,batch,429,11.60717,True,True,16
199.802669,199.813436,queue,batch,429,10.766983,True,True,16
200.002438,200.014247,queue,batch,429,11.808872,True,True,16
200.20702,200.215789,queue,batch,429,8.769035,True,True,16
200.40675,200.419052,queue,batch,429,12.301922,True,True,16
200.40583,200.42028,queue,control,200,14.450788,False,False,
200.603505,200.618961,queue,batch,429,15.455961,True,True,16
200.805651,200.816862,queue,batch,429,11.210918,True,True,16
201.002859,201.016454,queue,batch,429,13.595104,True,True,16
196.007038,201.020255,queue,batch,429,5013.216972,True,True,16
196.205347,201.216515,queue,batch,429,5011.168003,True,True,16
201.408707,201.422821,queue,control,200,14.113903,False,False,
201.607061,201.617518,queue,batch,429,10.457039,True,True,16
201.80267,201.813295,queue,batch,429,10.625124,True,True,16
202.007087,202.021754,queue,batch,429,14.667034,True,True,16
202.206561,202.216897,queue,batch,429,10.335922,True,True,16
202.407016,202.418729,queue,batch,429,11.713028,True,True,16
202.413729,202.426353,queue,control,200,12.624264,False,False,
202.603727,202.616263,queue,batch,429,12.536049,True,True,16
202.805373,202.815172,queue,batch,429,9.799004,True,True,16
203.007121,203.039638,queue,batch,429,32.516956,True,True,16
203.205204,203.216555,queue,batch,429,11.35087,True,True,16
203.402385,203.505532,queue,batch,429,103.14703,True,True,16
203.418761,203.512345,queue,control,200,93.584061,False,False,
203.60702,203.618655,queue,batch,429,11.635065,True,True,16
203.80291,203.812628,queue,batch,429,9.71818,True,True,16
204.006746,204.017615,queue,batch,429,10.869026,True,True,16
204.205118,204.215259,queue,batch,429,10.141134,True,True,16
204.42148,204.43996,queue,control,200,18.480062,False,False,
204.407041,204.440129,queue,batch,429,33.087969,True,True,16
204.607,204.616589,queue,batch,429,9.588957,True,True,16
204.802186,204.833454,queue,batch,429,31.26812,True,True,16
205.004506,205.014502,queue,batch,429,9.995937,True,True,16
205.202472,205.216603,queue,batch,429,14.131069,True,True,16
205.4067,205.431435,queue,batch,429,24.734974,True,True,16
205.426513,205.438732,queue,control,200,12.218714,False,False,
205.602618,205.63513,queue,batch,429,32.512188,True,True,16
205.802416,205.834288,queue,batch,429,31.872034,True,True,16
206.008831,206.023934,queue,batch,429,15.102863,True,True,16
201.202506,206.215483,queue,batch,429,5012.977362,True,True,16
201.402611,206.437738,queue,batch,429,5035.126925,True,True,16
206.430475,206.445716,queue,control,200,15.240908,False,False,
206.605937,206.64516,queue,batch,429,39.222956,True,True,16
206.806823,206.844855,queue,batch,429,38.032293,True,True,16
207.003804,207.019786,queue,batch,429,15.981674,True,True,16
207.20522,207.22392,queue,batch,429,18.700123,True,True,16
207.406616,207.49574,queue,batch,429,89.124203,True,True,16
207.435496,207.496205,queue,control,200,60.709238,False,False,
207.606979,207.617953,queue,batch,429,10.97393,True,True,16
207.806975,207.817913,queue,batch,429,10.938168,True,True,16
208.0065,208.039309,queue,batch,429,32.809019,True,True,16
208.205074,208.217637,queue,batch,429,12.563229,True,True,16
208.406001,208.419967,queue,batch,429,13.966799,True,True,16
208.440538,208.471583,queue,control,200,31.044722,False,False,
208.606973,208.622588,queue,batch,429,15.615225,True,True,16
208.804986,208.821752,queue,batch,429,16.766071,True,True,16
209.007016,209.018603,queue,batch,429,11.588097,True,True,16
209.206117,209.21809,queue,batch,429,11.972904,True,True,16
209.406395,209.424539,queue,batch,429,18.143892,True,True,16
209.445571,209.462973,queue,control,200,17.402887,False,False,
209.606032,209.636803,queue,batch,429,30.770779,True,True,16
209.805605,209.823129,queue,batch,429,17.523766,True,True,16
210.008304,210.020467,queue,batch,429,12.162685,True,True,16
210.204496,210.21559,queue,batch,429,11.093855,True,True,16
210.406558,210.419534,queue,batch,429,12.97617,True,True,16
210.451103,210.470016,queue,control,200,18.913031,False,False,
210.604157,210.614844,queue,batch,429,10.687113,True,True,16
210.80695,210.818374,queue,batch,429,11.424065,True,True,16
211.004313,211.01494,queue,batch,429,10.627031,True,True,16
211.205485,211.216378,queue,batch,429,10.892868,True,True,16
206.207249,211.225894,queue,batch,429,5018.645048,True,True,16
206.403897,211.413807,queue,batch,429,5009.910107,True,True,16
211.455397,211.469179,queue,control,200,13.782024,False,False,
211.806957,211.819948,queue,batch,429,12.990952,True,True,32
212.003438,212.01446,queue,batch,429,11.022091,True,True,32
212.206032,212.224774,queue,batch,429,18.742085,True,True,32
212.402309,212.412021,queue,batch,429,9.711742,True,True,32
212.457476,212.470993,queue,control,200,13.516903,False,False,
212.605285,212.618801,queue,batch,429,13.515949,True,True,32
212.806968,212.820073,queue,batch,429,13.104916,True,True,32
213.003757,213.012488,queue,batch,429,8.730888,True,True,32
213.206939,213.216341,queue,batch,429,9.402037,True,True,32
213.406932,213.415568,queue,batch,429,8.636236,True,True,32
213.461309,213.473665,queue,control,200,12.356043,False,False,
213.603452,213.615804,queue,batch,429,12.35199,True,True,32
213.806924,213.816621,queue,batch,429,9.69696,True,True,32
214.006925,214.028166,queue,batch,429,21.24095,True,True,32
214.206932,214.24699,queue,batch,429,40.058136,True,True,32
214.406933,214.435267,queue,batch,429,28.334141,True,True,32
214.465248,214.477404,queue,control,200,12.156248,False,False,
214.602275,214.662208,queue,batch,429,59.932709,True,True,32
214.804334,214.843594,queue,batch,429,39.259911,True,True,32
215.005376,215.04716,queue,batch,429,41.784048,True,True,32
215.206926,215.227365,queue,batch,429,20.43891,True,True,32
215.406942,215.432743,queue,batch,429,25.800943,True,True,32
215.468242,215.480843,queue,control,200,12.601137,False,False,
215.606293,215.614986,queue,batch,429,8.69298,True,True,32
215.805598,215.860927,queue,batch,429,55.330038,True,True,32
216.006453,216.015943,queue,batch,429,9.490013,True,True,32
216.2064,216.215045,queue,batch,429,8.645058,True,True,32
211.405789,216.416491,queue,batch,429,5010.702133,True,True,32
216.473322,216.48752,queue,control,200,14.198065,False,False,
211.602461,216.614375,queue,batch,429,5011.914015,True,True,32
216.802809,216.812719,queue,batch,429,9.910107,True,True,32
217.002467,217.013476,queue,batch,429,11.009216,True,True,32
217.204474,217.214988,queue,batch,429,10.514021,True,True,32
217.40629,217.415873,queue,batch,429,9.583235,True,True,32
217.478164,217.490524,queue,control,200,12.360096,False,False,
217.60539,217.626471,queue,batch,429,21.113157,True,True,32
217.806728,217.816546,queue,batch,429,9.818077,True,True,32
218.00646,218.016956,queue,batch,429,10.495901,True,True,32
218.205975,218.215759,queue,batch,429,9.783983,True,True,32
218.405325,218.417815,queue,batch,429,12.490034,True,True,32
218.478353,218.496845,queue,control,200,18.491983,False,False,
218.606931,218.652829,queue,batch,429,45.897961,True,True,32
218.804743,218.814955,queue,batch,429,10.211945,True,True,32
219.006434,219.01615,queue,batch,429,9.716034,True,True,32
219.205565,219.215323,queue,batch,429,9.758234,True,True,32
219.404538,219.414582,queue,batch,429,10.043859,True,True,32
219.479306,219.491324,queue,control,200,12.018204,False,False,
219.606897,219.618849,queue,batch,429,11.951923,True,True,32
219.805302,219.815278,queue,batch,429,9.976149,True,True,32
220.00737,220.041771,queue,batch,429,34.401894,True,True,32
220.206033,220.216992,queue,batch,429,10.95891,True,True,32
220.407004,220.418418,queue,batch,429,11.413813,True,True,32
220.483394,220.495783,queue,control,200,12.388945,False,False,
220.604135,220.614559,queue,batch,429,10.424137,True,True,32
220.802413,220.814414,queue,batch,429,12.001991,True,True,32
221.006957,221.016902,queue,batch,429,9.945154,True,True,32
221.204881,221.214365,queue,batch,429,9.483576,True,True,32
216.402367,221.429922,queue,batch,429,5027.555227,True,True,32
221.485227,221.506151,queue,control,200,20.924091,False,False,
216.604199,221.673931,queue,batch,429,5069.731951,True,True,32
221.805539,221.817901,queue,batch,429,12.361765,True,True,32
222.006078,222.01693,queue,batch,429,10.852098,True,True,32
222.206881,222.22088,queue,batch,429,13.998985,True,True,32
222.406895,222.418561,queue,batch,429,11.665821,True,True,32
222.489775,222.501909,queue,control,200,12.134075,False,False,
222.606923,222.632066,queue,batch,429,25.143147,True,True,32
222.802812,222.817302,queue,batch,429,14.489889,True,True,32
223.005826,223.049094,queue,batch,429,43.268204,True,True,32
223.207392,223.225514,queue,batch,429,18.121958,True,True,32
223.406955,223.421267,queue,batch,429,14.31179,True,True,32
223.492719,223.536548,queue,control,200,43.828964,False,False,
223.604303,223.620328,queue,batch,429,16.024828,True,True,32
223.805468,223.853063,queue,batch,429,47.595024,True,True,32
224.012864,224.063242,queue,batch,429,50.378084,True,True,32
224.206271,224.243596,queue,batch,429,37.325144,True,True,32
224.406493,224.417279,queue,batch,429,10.78701,True,True,32
224.4971,224.520403,queue,control,200,23.303986,False,False,
224.606881,224.617765,queue,batch,429,10.884285,True,True,32
224.806893,224.822278,queue,batch,429,15.384912,True,True,32
225.004944,225.02135,queue,batch,429,16.406059,True,True,32
225.20645,225.21777,queue,batch,429,11.319876,True,True,32
225.406516,225.434996,queue,batch,429,28.480053,True,True,32
225.501245,225.513961,queue,control,200,12.716055,False,False,
225.606188,225.62072,queue,batch,429,14.532089,True,True,32
225.807931,225.83922,queue,batch,429,31.288624,True,True,32
226.004123,226.020359,queue,batch,429,16.236067,True,True,32
226.205617,226.218333,queue,batch,429,12.71677,True,True,32
226.406897,226.41864,queue,batch,429,11.743069,True,True,32
221.405814,226.421727,queue,batch,429,5015.91301,True,True,32
226.506278,226.53448,queue,control,200,28.202057,False,False,
221.605486,226.694567,queue,batch,429,5089.081049,True,True,32
227.005322,227.01653,queue,batch,429,11.207819,True,True,32
227.20642,227.255828,queue,batch,429,49.407959,True,True,32
227.406779,227.418272,queue,batch,429,11.492968,True,True,32
227.510307,227.539963,queue,control,200,29.655933,False,False,
227.604838,227.678495,queue,batch,429,73.656797,True,True,32
227.804687,227.816203,queue,batch,429,11.515856,True,True,32
228.003274,228.01188,queue,batch,429,8.605957,True,True,32
228.203396,228.216413,queue,batch,429,13.016701,True,True,32
228.404945,228.413356,queue,batch,429,8.410931,True,True,32
228.515331,228.580875,queue,control,200,65.54389,False,False,
228.604494,228.614389,queue,batch,429,9.894848,True,True,32
228.803723,228.822701,queue,batch,429,18.978119,True,True,32
229.009175,229.019778,queue,batch,429,10.602951,True,True,32
229.204599,229.21411,queue,batch,429,9.510994,True,True,32
229.406936,229.416351,queue,batch,429,9.414911,True,True,32
229.518607,229.534437,queue,control,200,15.83004,False,False,
229.602422,229.634964,queue,batch,429,32.54199,True,True,32
229.802801,229.825752,queue,batch,429,22.950888,True,True,32
230.004273,230.020683,queue,batch,429,16.409874,True,True,32
230.205894,230.220181,queue,batch,429,14.286995,True,True,32
230.406496,230.4474,queue,batch,429,40.903807,True,True,32
230.523498,230.540192,queue,control,200,16.69383,False,False,
230.605326,230.617677,queue,batch,429,12.351036,True,True,32
230.802849,230.82755,queue,batch,429,24.70088,True,True,32
231.00254,231.062708,queue,batch,429,60.168028,True,True,32
231.205564,231.215244,queue,batch,429,9.680033,True,True,32
231.405655,231.437139,queue,batch,429,31.483889,True,True,32
231.532467,231.548264,queue,control,200,15.798092,False,False,
226.606891,231.655439,queue,batch,429,5048.548222,True,True,32
231.802727,231.838018,queue,batch,429,35.290956,True,True,32
226.805243,231.838252,queue,batch,429,5033.009052,True,True,32
232.204458,232.234658,queue,batch,429,30.200005,True,True,32
232.404339,232.42301,queue,batch,429,18.671274,True,True,32
232.535408,232.54818,queue,control,200,12.771845,False,False,
232.604158,232.617691,queue,batch,429,13.533115,True,True,32
232.803803,232.814546,queue,batch,429,10.742664,True,True,32
233.004009,233.016563,queue,batch,429,12.55393,True,True,32
233.205318,233.216709,queue,batch,429,11.390924,True,True,32
233.406796,233.427054,queue,batch,429,20.25795,True,True,32
233.539198,233.611765,queue,control,200,72.566986,False,False,
233.606816,233.627094,queue,batch,429,20.277977,True,True,32
233.807126,233.827272,queue,batch,429,20.145893,True,True,32
234.006893,234.025224,queue,batch,429,18.331051,True,True,32
234.205019,234.214941,queue,batch,429,9.921789,True,True,32
234.406804,234.41627,queue,batch,429,9.466171,True,True,32
234.54344,234.555911,queue,control,200,12.470961,False,False,
234.605396,234.616801,queue,batch,429,11.405945,True,True,32
234.805456,234.815659,queue,batch,429,10.202885,True,True,32
235.002274,235.014076,queue,batch,429,11.802197,True,True,32
235.206862,235.21836,queue,batch,429,11.497974,True,True,32
235.402325,235.412513,queue,batch,429,10.188103,True,True,32
235.547258,235.563541,queue,control,200,16.282797,False,False,
235.603585,235.631925,queue,batch,429,28.339863,True,True,32
235.809973,235.820453,queue,batch,429,10.480165,True,True,32
236.006855,236.023795,queue,batch,429,16.939878,True,True,32
236.20661,236.217621,queue,batch,429,11.010885,True,True,32
236.40667,236.416986,queue,batch,429,10.315895,True,True,32
236.552718,236.56501,queue,control,200,12.291908,False,False,
236.603827,236.618102,queue,batch,429,14.275074,True,True,32
231.606333,236.620091,queue,batch,429,5013.759375,True,True,32
237.006346,237.016108,queue,batch,429,9.762049,True,True,32
232.004831,237.019359,queue,batch,429,5014.528036,True,True,32
237.408299,237.420777,queue,batch,429,12.477875,True,True,32
237.555266,237.612752,queue,control,200,57.486296,False,False,
237.607298,237.636676,queue,batch,429,29.378176,True,True,32
237.802844,237.813673,queue,batch,429,10.828972,True,True,32
238.004212,238.015418,queue,batch,429,11.20615,True,True,32
238.206412,238.219956,queue,batch,429,13.543844,True,True,32
238.402557,238.44001,queue,batch,429,37.454128,True,True,32
238.557333,238.62281,queue,control,200,65.477133,False,False,
238.605265,238.623378,queue,batch,429,18.112659,True,True,32
238.805427,238.818948,queue,batch,429,13.521194,True,True,32
239.011161,239.025293,queue,batch,429,14.132023,True,True,32
239.203351,239.224612,queue,batch,429,21.260977,True,True,32
239.40662,239.422509,queue,batch,429,15.888929,True,True,32
239.56238,239.58907,queue,control,200,26.690006,False,False,
239.605523,239.617449,queue,batch,429,11.927128,True,True,32
239.804148,239.894372,queue,batch,429,90.224028,True,True,32
240.007453,240.047001,queue,batch,429,39.549112,True,True,32
240.205695,240.221162,queue,batch,429,15.466928,True,True,32
240.408187,240.47312,queue,batch,429,64.932823,True,True,32
240.564306,240.581375,queue,control,200,17.069101,False,False,
240.602451,240.632327,queue,batch,429,29.876947,True,True,32
240.804189,240.859552,queue,batch,429,55.36294,True,True,32
241.004318,241.065994,queue,batch,429,61.676025,True,True,32
241.20391,241.219944,queue,batch,429,16.033888,True,True,32
241.406713,241.417622,queue,batch,429,10.909081,True,True,32
241.568973,241.581274,queue,control,200,12.300968,False,False,
241.60553,241.622504,queue,batch,429,16.973972,True,True,32
241.80362,241.814125,queue,batch,429,10.504961,True,True,32
236.80394,241.816457,queue,batch,429,5012.516975,True,True,32
237.202309,242.213448,queue,batch,429,5011.138678,True,True,32
242.406761,242.415634,queue,batch,429,8.872986,True,True,32
242.572985,242.585724,queue,control,200,12.739182,False,False,
242.606757,242.614826,queue,batch,429,8.0688,True,True,32
242.804476,242.8148,queue,batch,429,10.324001,True,True,32
243.006777,243.015367,queue,batch,429,8.589983,True,True,32
243.206755,243.219493,queue,batch,429,12.738228,True,True,32
243.406773,243.415541,queue,batch,429,8.769035,True,True,32
243.57334,243.586099,queue,control,200,12.758732,False,False,
243.604565,243.618194,queue,batch,429,13.62896,True,True,32
243.806772,243.824179,queue,batch,429,17.40694,True,True,32
244.006782,244.022712,queue,batch,429,15.930176,True,True,32
244.204995,244.215863,queue,batch,429,10.868073,True,True,32
244.406941,244.417687,queue,batch,429,10.747194,True,True,32
244.578375,244.596281,queue,control,200,17.905951,False,False,
244.602124,244.610877,queue,batch,429,8.752823,True,True,32
244.80605,244.816015,queue,batch,429,9.964943,True,True,32
245.003638,245.012238,queue,batch,429,8.599997,True,True,32
245.206762,245.215769,queue,batch,429,9.007215,True,True,32
245.405322,245.415561,queue,batch,429,10.240078,True,True,32
245.582578,245.595246,queue,control,200,12.668133,False,False,
245.606481,245.615214,queue,batch,429,8.733034,True,True,32
245.804396,245.813311,queue,batch,429,8.914948,True,True,32
246.006208,246.016917,queue,batch,429,10.709047,True,True,32
246.204852,246.214581,queue,batch,429,9.729147,True,True,32
246.402188,246.429904,queue,batch,429,27.715921,True,True,32
246.583355,246.603804,queue,control,200,20.448923,False,False,
246.605412,246.614317,queue,batch,429,8.904934,True,True,32
246.803299,246.818073,queue,batch,429,14.774084,True,True,32
247.003445,247.013419,queue,batch,429,9.974003,True,True,32
242.006822,247.020091,queue,batch,429,5013.268948,True,True,32
242.204142,247.214753,queue,batch,429,5010.610819,True,True,32
247.588455,247.653097,queue,control,200,64.641953,False,False,
247.608243,247.653456,queue,batch,429,45.212984,True,True,32
247.806783,247.816921,queue,batch,429,10.138035,True,True,32
248.006741,248.017702,queue,batch,429,10.961056,True,True,32
248.206787,248.22444,queue,batch,429,17.652988,True,True,32
248.406686,248.41946,queue,batch,429,12.775183,True,True,32
248.590517,248.60267,queue,control,200,12.15291,False,False,
248.606757,248.618078,queue,batch,429,11.320829,True,True,32
248.806758,248.821971,queue,batch,429,15.212774,True,True,32
249.009051,249.055874,queue,batch,429,46.823025,True,True,32
249.205618,249.253891,queue,batch,429,48.273087,True,True,32
249.406305,249.437554,queue,batch,429,31.249762,True,True,32
249.592421,249.604542,queue,control,200,12.120962,False,False,
249.602486,249.61653,queue,batch,429,14.044046,True,True,32
249.803273,249.813229,queue,batch,429,9.956121,True,True,32
250.006442,250.018369,queue,batch,429,11.927128,True,True,32
250.205015,250.214771,queue,batch,429,9.75585,True,True,32
250.406752,250.417458,queue,batch,429,10.705948,True,True,32
250.597506,250.611672,queue,control,200,14.165878,False,False,
250.60248,250.616915,queue,batch,429,14.434814,True,True,32
250.813603,250.831919,queue,batch,429,18.316031,True,True,32
251.003299,251.014971,queue,batch,429,11.673212,True,True,32
251.206334,251.217519,queue,batch,429,11.185169,True,True,32
251.406449,251.416882,queue,batch,429,10.43272,True,True,32
251.604433,251.617404,queue,batch,429,12.971163,True,True,32
251.601575,251.617691,queue,control,200,16.116142,False,False,
251.806723,251.818521,queue,batch,429,11.797905,True,True,32
252.003648,252.016141,queue,batch,429,12.492895,True,True,32
247.205831,252.215791,queue,batch,429,5009.959936,True,True,32
247.414205,252.51832,queue,batch,429,5104.115248,True,True,32
252.602336,252.618295,queue,batch,429,15.959024,True,True,32
252.606609,252.61976,queue,control,200,13.151884,False,False,
252.803527,252.821315,queue,batch,429,17.787933,True,True,32
253.006335,253.01634,queue,batch,429,10.004997,True,True,32
253.206435,253.23106,queue,batch,429,24.625063,True,True,32
253.407482,253.419721,queue,batch,429,12.238741,True,True,32
253.606017,253.617843,queue,batch,429,11.826038,True,True,32
253.61049,253.624208,queue,control,200,13.71789,False,False,
253.806831,253.830472,queue,batch,429,23.640871,True,True,32
254.006295,254.017688,queue,batch,429,11.39307,True,True,32
254.206153,254.217228,queue,batch,429,11.07502,True,True,32
254.404503,254.417618,queue,batch,429,13.114691,True,True,32
254.605628,254.616316,queue,batch,429,10.688066,True,True,32
254.611249,254.623416,queue,control,200,12.166739,False,False,
254.80497,254.817747,queue,batch,429,12.776852,True,True,32
255.006201,255.02202,queue,batch,429,15.822887,True,True,32
255.202489,255.213753,queue,batch,429,11.263847,True,True,32
255.40677,255.41754,queue,batch,429,10.770082,True,True,32
255.604506,255.622251,queue,batch,429,17.745018,True,True,32
255.616283,255.644762,queue,control,200,28.478861,False,False,
255.805926,255.817129,queue,batch,429,11.202812,True,True,32
256.003105,256.014174,queue,batch,429,11.069059,True,True,32
256.20493,256.216,queue,batch,429,11.069775,True,True,32
256.406785,256.420009,queue,batch,429,13.223886,True,True,32
256.606122,256.617094,queue,batch,429,10.972023,True,True,32
256.620716,256.6537,queue,control,200,32.984018,False,False,
256.802003,256.824759,queue,batch,429,22.7561,True,True,32
257.003513,257.056824,queue,batch,429,53.310871,True,True,32
252.206327,257.219437,queue,batch,429,5013.110161,True,True,32
257.403254,257.432254,queue,batch,429,28.999805,True,True,32
252.41041,257.526583,queue,batch,429,5116.173029,True,True,32
257.625745,257.648728,queue,control,200,22.983074,False,False,
257.806335,257.819358,queue,batch,429,13.0229,True,True,32
258.005295,258.015159,queue,batch,429,9.863853,True,True,32
258.20687,258.237164,queue,batch,429,30.293941,True,True,32
258.405645,258.415243,queue,batch,429,9.598017,True,True,32
258.603867,258.613153,queue,batch,429,9.285927,True,True,32
258.628413,258.686814,queue,control,200,58.400869,False,False,
258.806688,258.814669,queue,batch,429,7.980824,True,True,32
259.006666,259.019377,queue,batch,429,12.711048,True,True,32
259.202345,259.219673,queue,batch,429,17.328262,True,True,32
259.404486,259.423236,queue,batch,429,18.749952,True,True,32
259.606653,259.619815,queue,batch,429,13.161898,True,True,32
259.633436,259.645668,queue,control,200,12.231827,False,False,
259.806657,259.817907,queue,batch,429,11.249781,True,True,32
260.00428,260.016727,queue,batch,429,12.44688,True,True,32
260.202397,260.217115,queue,batch,429,14.718294,True,True,32
260.405453,260.413905,queue,batch,429,8.452177,True,True,32
260.606304,260.614603,queue,batch,429,8.299112,True,True,32
260.634567,260.646884,queue,control,200,12.316942,False,False,
260.80526,260.814157,queue,batch,429,8.897066,True,True,32
261.00617,261.014941,queue,batch,429,8.770943,True,True,32
261.206465,261.216425,queue,batch,429,9.959936,True,True,32
261.40677,261.415493,queue,batch,429,8.723021,True,True,32
261.604688,261.618984,queue,batch,429,14.295816,True,True,32
261.639591,261.654031,queue,control,200,14.44006,False,False,
261.80525,261.813594,queue,batch,429,8.344173,True,True,32
262.006192,262.014998,queue,batch,429,8.80599,True,True,32
262.206624,262.218455,queue,batch,429,11.831045,True,True,32
257.2041,262.221151,queue,batch,429,5017.050743,True,True,32
262.606644,262.61719,queue,batch,429,10.546207,True,True,32
257.602264,262.61766,queue,batch,429,5015.396118,True,True,32
262.640067,262.65226,queue,control,200,12.192965,False,False,
263.004665,263.014448,queue,batch,429,9.78303,True,True,32
263.204626,263.214692,queue,batch,429,10.066271,True,True,32
263.403401,263.424633,queue,batch,429,21.233082,True,True,32
263.604501,263.614522,queue,batch,429,10.020971,True,True,32
263.645067,263.658583,queue,control,200,13.515949,False,False,
263.802052,263.81196,queue,batch,429,9.907961,True,True,32
264.005352,264.015328,queue,batch,429,9.976149,True,True,32
264.206061,264.216053,queue,batch,429,9.991884,True,True,32
264.403,264.412883,queue,batch,429,9.882689,True,True,32
264.605303,264.615165,queue,batch,429,9.861946,True,True,32
264.645224,264.657085,queue,control,200,11.861086,False,False,
264.803556,264.850998,queue,batch,429,47.441959,True,True,32
265.003425,265.013198,queue,batch,429,9.773254,True,True,32
265.206634,265.21744,queue,batch,429,10.805845,True,True,32
265.406656,265.452239,queue,batch,429,45.58301,True,True,32
265.60386,265.614935,queue,batch,429,11.07502,True,True,32
265.645506,265.659045,queue,control,200,13.539076,False,False,
265.802802,265.825805,queue,batch,429,23.003101,True,True,32
266.003627,266.026837,queue,batch,429,23.20981,True,True,32
266.202405,266.22413,queue,batch,429,21.724939,True,True,32
266.402389,266.412596,queue,batch,429,10.206938,True,True,32
266.602392,266.614619,queue,batch,429,12.227058,True,True,32
266.645844,266.660318,queue,control,200,14.473915,False,False,
266.805237,266.819256,queue,batch,429,14.019012,True,True,32
267.006629,267.017434,queue,batch,429,10.80513,True,True,32
267.206571,267.217056,queue,batch,429,10.485172,True,True,32
262.406343,267.416235,queue,batch,429,5009.891748,True,True,32
267.604503,267.616705,queue,batch,429,12.202024,True,True,32
267.647322,267.665394,queue,control,200,18.071651,False,False,
262.804497,267.816395,queue,batch,429,5011.898041,True,True,32
268.002409,268.015471,queue,batch,429,13.062,True,True,32
268.206628,268.217261,queue,batch,429,10.632992,True,True,32
268.406774,268.418116,queue,batch,429,11.342049,True,True,32
268.602909,268.619124,queue,batch,429,16.215086,True,True,32
268.649492,268.66393,queue,control,200,14.438152,False,False,
268.802344,268.814289,queue,batch,429,11.945248,True,True,32
269.006719,269.022163,queue,batch,429,15.44404,True,True,32
269.206152,269.217273,queue,batch,429,11.121035,True,True,32
269.40469,269.416214,queue,batch,429,11.5242,True,True,32
269.602628,269.629139,queue,batch,429,26.511908,True,True,32
269.652257,269.729871,queue,control,200,77.614069,False,False,
269.806628,269.81785,queue,batch,429,11.222124,True,True,32
270.002467,270.03517,queue,batch,429,32.703161,True,True,32
270.206628,270.217828,queue,batch,429,11.199951,True,True,32
270.40655,270.417339,queue,batch,429,10.789156,True,True,32
270.657237,270.670932,queue,control,200,13.694763,False,False,
267.805859,270.934791,queue,batch,200,3128.931999,True,True,
267.402897,270.934969,queue,batch,200,3532.071829,True,True,
270.963965,270.977899,recovered,batch,200,13.934135,True,True,
271.168596,271.178392,recovered,batch,200,9.795904,True,True,
271.36831,271.382521,recovered,batch,200,14.211178,True,True,
271.56901,271.58136,recovered,batch,200,12.350321,True,True,
271.660827,271.673145,recovered,control,200,12.317896,False,False,
271.766516,271.776007,recovered,batch,200,9.491205,True,True,
271.965504,271.983341,recovered,batch,200,17.837048,True,True,
272.168907,272.188952,recovered,batch,200,20.045042,True,True,
272.365066,272.379428,recovered,batch,200,14.362097,True,True,
272.569001,272.619128,recovered,batch,200,50.127029,True,True,
272.665825,272.735479,recovered,control,200,69.653988,False,False,
272.768167,272.791252,recovered,batch,200,23.085117,True,True,
272.96798,272.982848,recovered,batch,200,14.868021,True,True,
273.168999,273.212151,recovered,batch,200,43.152094,True,True,
273.364503,273.375705,recovered,batch,200,11.202097,True,True,
273.568963,273.619962,recovered,batch,200,50.998926,True,True,
273.67085,273.683896,recovered,control,200,13.046026,False,False,
273.767567,273.784268,recovered,batch,200,16.700745,True,True,
273.968966,273.981772,recovered,batch,200,12.805939,True,True,
274.164446,274.174192,recovered,batch,200,9.746313,True,True,
274.368204,274.382008,recovered,batch,200,13.804197,True,True,
274.566975,274.611009,recovered,batch,200,44.034004,True,True,
274.673422,274.689856,recovered,control,200,16.433954,False,False,
274.765294,274.775279,recovered,batch,200,9.98497,True,True,
274.966794,274.977482,recovered,batch,200,10.687828,True,True,
275.16635,275.178153,recovered,batch,200,11.802673,True,True,
275.367818,275.377896,recovered,batch,200,10.077953,True,True,
275.568952,275.584941,recovered,batch,200,15.988827,True,True,
275.678454,275.693395,recovered,control,200,14.940977,False,False,
275.763985,275.785922,recovered,batch,200,21.936893,True,True,
275.968976,275.986314,recovered,batch,200,17.338991,True,True,
276.165753,276.18016,recovered,batch,200,14.406919,True,True,
276.369033,276.382611,recovered,batch,200,13.577938,True,True,
276.565396,276.577005,recovered,batch,200,11.609077,True,True,
276.680824,276.694386,recovered,control,200,13.561726,False,False,
276.767842,276.779467,recovered,batch,200,11.624813,True,True,
276.964456,276.976826,recovered,batch,200,12.37011,True,True,
277.164466,277.174468,recovered,batch,200,10.002136,True,True,
277.364485,277.375505,recovered,batch,200,11.020184,True,True,
277.56856,277.585868,recovered,batch,200,17.307758,True,True,
277.684767,277.726556,recovered,control,200,41.789055,False,False,
277.764378,277.778179,recovered,batch,200,13.802052,True,True,
277.964017,277.975785,recovered,batch,200,11.767864,True,True,
278.168973,278.194453,recovered,batch,200,25.480032,True,True,
278.365149,278.377344,recovered,batch,200,12.19511,True,True,
278.564326,278.57733,recovered,batch,200,13.003826,True,True,
278.685218,278.703229,recovered,control,200,18.010855,False,False,
278.764765,278.77615,recovered,batch,200,11.385202,True,True,
278.969019,278.980643,recovered,batch,200,11.623859,True,True,
279.167176,279.178933,recovered,batch,200,11.756897,True,True,
279.367684,279.382116,recovered,batch,200,14.431953,True,True,
279.565379,279.575364,recovered,batch,200,9.98497,True,True,
279.685745,279.698111,recovered,control,200,12.365818,False,False,
279.76547,279.776542,recovered,batch,200,11.072159,True,True,
279.968468,279.984629,recovered,batch,200,16.160965,True,True,
280.1642,280.175502,recovered,batch,200,11.302233,True,True,
280.364452,280.393123,recovered,batch,200,28.670788,True,True,
280.566347,280.578271,recovered,batch,200,11.924028,True,True,
280.687063,280.701547,recovered,control,200,14.483929,False,False,
280.768095,280.777943,recovered,batch,200,9.847879,True,True,
280.969462,280.985795,recovered,batch,200,16.334057,True,True,
281.168943,281.1843,recovered,batch,200,15.356779,True,True,
281.366406,281.388336,recovered,batch,200,21.929979,True,True,
281.568565,281.591584,recovered,batch,200,23.019075,True,True,
281.687365,281.700818,recovered,control,200,13.452768,False,False,
281.768327,281.780404,recovered,batch,200,12.076616,True,True,
281.96812,282.003031,recovered,batch,200,34.910917,True,True,
282.166317,282.179637,recovered,batch,200,13.320923,True,True,
282.364505,282.376925,recovered,batch,200,12.419939,True,True,
282.56856,282.578382,recovered,batch,200,9.821892,True,True,
282.691278,282.704747,recovered,control,200,13.468981,False,False,
282.766573,282.777286,recovered,batch,200,10.7131,True,True,
282.968925,282.980985,recovered,batch,200,12.059927,True,True,
283.16827,283.177914,recovered,batch,200,9.644032,True,True,
283.368279,283.380199,recovered,batch,200,11.919975,True,True,
283.568528,283.58071,recovered,batch,200,12.181997,True,True,
283.691911,283.703905,recovered,control,200,11.993647,False,False,
283.768041,283.779862,recovered,batch,200,11.821032,True,True,
283.968342,283.986691,recovered,batch,200,18.348932,True,True,
284.166832,284.182963,recovered,batch,200,16.130924,True,True,
284.36938,284.444972,recovered,batch,200,75.592995,True,True,
284.565953,284.577302,recovered,batch,200,11.348963,True,True,
284.696999,284.709792,recovered,control,200,12.794256,False,False,
284.766624,284.779195,recovered,batch,200,12.571096,True,True,
284.968431,284.983014,recovered,batch,200,14.583111,True,True,
285.169133,285.181274,recovered,batch,200,12.141228,True,True,
285.364509,285.377141,recovered,batch,200,12.632132,True,True,
285.564246,285.57613,recovered,batch,200,11.883974,True,True,
285.700924,285.717625,recovered,control,200,16.700983,False,False,
285.766507,285.779938,recovered,batch,200,13.431072,True,True,
285.969338,285.982039,recovered,batch,200,12.700796,True,True,
286.168888,286.19311,recovered,batch,200,24.221897,True,True,
286.366432,286.380232,recovered,batch,200,13.799906,True,True,
286.567509,286.579354,recovered,batch,200,11.846066,True,True,
286.710161,286.753416,recovered,control,200,43.254614,False,False,
286.767785,286.79328,recovered,batch,200,25.495052,True,True,
286.968816,286.985042,recovered,batch,200,16.225815,True,True,
287.165841,287.179215,recovered,batch,200,13.373852,True,True,
287.376997,287.426738,recovered,batch,200,49.740791,True,True,
287.564832,287.591447,recovered,batch,200,26.614904,True,True,
287.720577,287.768916,recovered,control,200,48.339844,False,False,
287.774601,287.798681,recovered,batch,200,24.080038,True,True,
287.971025,288.065466,recovered,batch,200,94.441175,True,True,
288.168447,288.183363,recovered,batch,200,14.915943,True,True,
288.383544,288.406089,recovered,batch,200,22.544861,True,True,
288.571819,288.587959,recovered,batch,200,16.139984,True,True,
288.728666,288.773937,recovered,control,200,45.271873,False,False,
288.776903,288.791156,recovered,batch,200,14.253855,True,True,
288.977088,289.032597,recovered,batch,200,55.50909,True,True,
289.168322,289.180263,recovered,batch,200,11.940718,True,True,
289.368448,289.413041,recovered,batch,200,44.593096,True,True,
289.564466,289.591309,recovered,batch,200,26.843309,True,True,
289.733395,289.747302,recovered,control,200,13.907194,False,False,
289.768912,289.784051,recovered,batch,200,15.138865,True,True,
289.969035,289.993601,recovered,batch,200,24.566174,True,True,
290.165724,290.239546,recovered,batch,200,73.822021,True,True,
290.36534,290.386466,recovered,batch,200,21.125793,True,True,
290.56588,290.576951,recovered,batch,200,11.070967,True,True,
290.736318,290.753399,recovered,control,200,17.081022,False,False,
290.766841,290.788299,recovered,batch,200,21.457911,True,True,
290.970578,291.005595,recovered,batch,200,35.017252,True,True,
291.170699,291.186258,recovered,batch,200,15.558958,True,True,
291.365904,291.37925,recovered,batch,200,13.345718,True,True,
291.565542,291.57757,recovered,batch,200,12.027979,True,True,
291.742554,291.758556,recovered,control,200,16.002178,False,False,
291.768013,291.779734,recovered,batch,200,11.720896,True,True,
291.969189,291.981292,recovered,batch,200,12.102842,True,True,
292.167289,292.180432,recovered,batch,200,13.143063,True,True,
292.36707,292.397786,recovered,batch,200,30.716181,True,True,
292.569359,292.58263,recovered,batch,200,13.271093,True,True,
292.743397,292.7573,recovered,control,200,13.902903,False,False,
292.765672,292.806747,recovered,batch,200,41.07523,True,True,
292.968462,292.98304,recovered,batch,200,14.577866,True,True,
293.16721,293.180326,recovered,batch,200,13.116121,True,True,
293.370925,293.384857,recovered,batch,200,13.93199,True,True,
293.565874,293.578788,recovered,batch,200,12.914181,True,True,
293.748069,293.760641,recovered,control,200,12.57205,False,False,
293.767546,293.779447,recovered,batch,200,11.900902,True,True,
293.96845,293.983421,recovered,batch,200,14.970779,True,True,
294.168862,294.180088,recovered,batch,200,11.226177,True,True,
294.364477,294.377274,recovered,batch,200,12.797117,True,True,
294.568163,294.588857,recovered,batch,200,20.694017,True,True,
294.750412,294.763274,recovered,control,200,12.861967,False,False,
294.76786,294.779607,recovered,batch,200,11.747122,True,True,
294.967814,294.984534,recovered,batch,200,16.719818,True,True,
295.168843,295.183626,recovered,batch,200,14.783859,True,True,
295.367827,295.384306,recovered,batch,200,16.479015,True,True,
295.565781,295.581454,recovered,batch,200,15.673161,True,True,
295.755468,295.771503,recovered,control,200,16.03508,False,False,
295.768689,295.78166,recovered,batch,200,12.970924,True,True,
295.969026,295.980114,recovered,batch,200,11.087894,True,True,
296.167909,296.182399,recovered,batch,200,14.489889,True,True,
296.364999,296.378024,recovered,batch,200,13.024807,True,True,
296.568815,296.580215,recovered,batch,200,11.399984,True,True,
296.75609,296.780526,recovered,control,200,24.435759,False,False,
296.769274,296.784435,recovered,batch,200,15.160799,True,True,
296.969173,296.982118,recovered,batch,200,12.945175,True,True,
297.16948,297.181847,recovered,batch,200,12.367249,True,True,
297.367495,297.38031,recovered,batch,200,12.814999,True,True,
297.566491,297.589443,recovered,batch,200,22.951841,True,True,
297.768994,297.797252,recovered,batch,200,28.257847,True,True,
297.761668,297.797422,recovered,control,200,35.753965,False,False,
297.968597,297.983969,recovered,batch,200,15.372038,True,True,
298.167901,298.196186,recovered,batch,200,28.286219,True,True,
298.368855,298.400507,recovered,batch,200,31.651974,True,True,
298.56531,298.613486,recovered,batch,200,48.17605,True,True,
298.768155,298.799676,recovered,batch,200,31.521082,True,True,
298.766776,298.80011,recovered,control,200,33.334017,False,False,
298.9684,299.027382,recovered,batch,200,58.981895,True,True,
299.166842,299.178616,recovered,batch,200,11.774063,True,True,
299.364287,299.375757,recovered,batch,200,11.470079,True,True,
299.574262,299.678894,recovered,batch,200,104.632139,True,True,
299.768784,299.786149,recovered,batch,200,17.364979,True,True,
299.767424,299.786836,recovered,control,200,19.412041,False,False,
299.968562,299.980224,recovered,batch,200,11.662006,True,True,
300.167261,300.178511,recovered,batch,200,11.250257,True,True,
300.3688,300.380477,recovered,batch,200,11.677027,True,True,
300.564997,300.575413,recovered,batch,200,10.416031,True,True,
300.768319,300.780054,recovered,batch,200,11.734962,True,True,
300.768652,300.786792,recovered,control,200,18.139839,False,False,
300.969224,300.98257,recovered,batch,200,13.345957,True,True,
301.165275,301.18024,recovered,batch,200,14.965057,True,True,
301.368822,301.381767,recovered,batch,200,12.945175,True,True,
301.566121,301.580836,recovered,batch,200,14.715195,True,True,
301.76921,301.784329,recovered,batch,200,15.118837,True,True,
301.775246,301.789002,recovered,control,200,13.755798,False,False,
301.968686,301.983499,recovered,batch,200,14.812946,True,True,
302.168403,302.184494,recovered,batch,200,16.091108,True,True,
302.368086,302.380015,recovered,batch,200,11.929274,True,True,
302.568816,302.581216,recovered,batch,200,12.399673,True,True,
302.767089,302.789554,recovered,batch,200,22.464752,True,True,
302.780142,302.792461,recovered,control,200,12.31885,False,False,
302.968978,302.980297,recovered,batch,200,11.318922,True,True,
303.168605,303.190162,recovered,batch,200,21.557093,True,True,
303.36607,303.380693,recovered,batch,200,14.622927,True,True,
303.568388,303.582941,recovered,batch,200,14.552832,True,True,
303.768139,303.781487,recovered,batch,200,13.348103,True,True,
303.780518,303.79453,recovered,control,200,14.01186,False,False,
303.968811,303.981468,recovered,batch,200,12.657166,True,True,
304.168806,304.178982,recovered,batch,200,10.175943,True,True,
304.376613,304.391468,recovered,batch,200,14.854908,True,True,
304.565832,304.58115,recovered,batch,200,15.317917,True,True,
304.767703,304.778619,recovered,batch,200,10.915995,True,True,
304.781712,304.79783,recovered,control,200,16.11805,False,False,
304.968273,304.983193,recovered,batch,200,14.919996,True,True,
305.168801,305.180848,recovered,batch,200,12.047052,True,True,
305.367025,305.376889,recovered,batch,200,9.863853,True,True,
305.568811,305.588302,recovered,batch,200,19.491196,True,True,
305.767593,305.790275,recovered,batch,200,22.68219,True,True,
305.786742,305.803754,recovered,control,200,17.011881,False,False,
305.968229,305.983195,recovered,batch,200,14.966011,True,True,
306.164435,306.181643,recovered,batch,200,17.208099,True,True,
306.3675,306.404375,recovered,batch,200,36.87501,True,True,
306.565668,306.614469,recovered,batch,200,48.800945,True,True,
306.766523,306.782117,recovered,batch,200,15.594006,True,True,
306.789229,306.805475,recovered,control,200,16.24608,False,False,
306.965147,306.989889,recovered,batch,200,24.741888,True,True,
307.166679,307.183517,recovered,batch,200,16.838074,True,True,
307.364136,307.41516,recovered,batch,200,51.02396,True,True,
307.568754,307.621706,recovered,batch,200,52.953005,True,True,
307.768785,307.793958,recovered,batch,200,25.173187,True,True,
307.793514,307.816036,recovered,control,200,22.521973,False,False,
307.968577,307.984496,recovered,batch,200,15.920162,True,True,
308.166686,308.182802,recovered,batch,200,16.117096,True,True,
308.368759,308.38166,recovered,batch,200,12.901306,True,True,
308.566698,308.636857,recovered,batch,200,70.159197,True,True,
308.768813,308.781841,recovered,batch,200,13.028145,True,True,
308.794846,308.806565,recovered,control,200,11.719227,False,False,
308.967719,308.977972,recovered,batch,200,10.253191,True,True,
309.166984,309.179231,recovered,batch,200,12.247086,True,True,
309.378775,309.394724,recovered,batch,200,15.949249,True,True,
309.576698,309.596726,recovered,batch,200,20.027876,True,True,
309.768761,309.780247,recovered,batch,200,11.485815,True,True,
309.798051,309.814614,recovered,control,200,16.562939,False,False,
309.968586,309.986359,recovered,batch,200,17.772913,True,True,
310.166368,310.177712,recovered,batch,200,11.344194,True,True,
310.364593,310.376893,recovered,batch,200,12.299776,True,True,
310.568783,310.58193,recovered,batch,200,13.147831,True,True,
310.76822,310.824622,recovered,batch,200,56.401968,True,True,
310.80327,310.834348,recovered,control,200,31.077862,False,False,
310.964433,310.977694,recovered,batch,200,13.260603,True,True,
311.168392,311.180738,recovered,batch,200,12.346029,True,True,
311.364255,311.374296,recovered,batch,200,10.040998,True,True,
311.565803,311.580676,recovered,batch,200,14.873028,True,True,
311.767919,311.784359,recovered,batch,200,16.439915,True,True,
311.808301,311.823755,recovered,control,200,15.454054,False,False,
311.967683,311.981852,recovered,batch,200,14.168978,True,True,
312.167603,312.181833,recovered,batch,200,14.230013,True,True,
312.364266,312.378816,recovered,batch,200,14.549971,True,True,
312.570127,312.583512,recovered,batch,200,13.385057,True,True,
312.767992,312.812712,recovered,batch,200,44.719934,True,True,
312.809211,312.823564,recovered,control,200,14.353037,False,False,
312.96775,312.983416,recovered,batch,200,15.666008,True,True,
313.167354,313.17757,recovered,batch,200,10.215998,True,True,
313.364246,313.400201,recovered,batch,200,35.954952,True,True,
313.568345,313.582194,recovered,batch,200,13.848782,True,True,
313.770198,313.844369,recovered,batch,200,74.171305,True,True,
313.811335,313.844631,recovered,control,200,33.29587,False,False,
313.968501,313.981301,recovered,batch,200,12.799978,True,True,
314.168803,314.181031,recovered,batch,200,12.227774,True,True,
314.366488,314.432429,recovered,batch,200,65.951109,True,True,
314.565387,314.633607,recovered,batch,200,68.220139,True,True,
314.769529,314.78536,recovered,batch,200,15.830994,True,True,
314.815612,314.83049,recovered,control,200,14.878988,False,False,
314.964509,314.984072,recovered,batch,200,19.563198,True,True,
315.165222,315.177735,recovered,batch,200,12.512922,True,True,
315.367225,315.399297,recovered,batch,200,32.072067,True,True,
315.567659,315.635449,recovered,batch,200,67.790031,True,True,
315.807517,315.831604,recovered,batch,200,24.087191,True,True,
315.830757,315.844162,recovered,control,200,13.404846,False,False,
315.968547,316.023233,recovered,batch,200,54.685831,True,True,
316.166472,316.176615,recovered,batch,200,10.142803,True,True,
316.364271,316.376335,recovered,batch,200,12.06398,True,True,
316.568742,316.60517,recovered,batch,200,36.427736,True,True,
316.767136,316.781581,recovered,batch,200,14.445066,True,True,
316.835951,316.886864,recovered,control,200,50.913095,False,False,
316.9665,316.983282,recovered,batch,200,16.781807,True,True,
317.167382,317.182539,recovered,batch,200,15.156984,True,True,
317.363829,317.37531,recovered,batch,200,11.481047,True,True,
317.568669,317.581146,recovered,batch,200,12.47716,True,True,
317.772267,317.786036,recovered,batch,200,13.76915,True,True,
317.84098,317.85367,recovered,control,200,12.690306,False,False,
317.972441,317.985146,recovered,batch,200,12.705088,True,True,
318.168038,318.179077,recovered,batch,200,11.039019,True,True,
318.368541,318.381952,recovered,batch,200,13.411045,True,True,
318.568312,318.579192,recovered,batch,200,10.879993,True,True,
318.768787,318.828553,recovered,batch,200,59.766054,True,True,
318.843358,318.868524,recovered,control,200,25.166273,False,False,
318.968199,318.98136,recovered,batch,200,13.161182,True,True,
319.16667,319.177778,recovered,batch,200,11.107683,True,True,
319.367632,319.379623,recovered,batch,200,11.990786,True,True,
319.568331,319.584476,recovered,batch,200,16.145229,True,True,
319.768704,319.779264,recovered,batch,200,10.560036,True,True,
319.848383,319.86841,recovered,control,200,20.027161,False,False,
319.968229,319.983441,recovered,batch,200,15.212059,True,True,
320.167004,320.181681,recovered,batch,200,14.677048,True,True,
320.367798,320.378616,recovered,batch,200,10.818005,True,True,
320.566821,320.581293,recovered,batch,200,14.472008,True,True,
320.767657,320.780895,recovered,batch,200,13.238192,True,True,
320.85127,320.864791,recovered,control,200,13.52191,False,False,
320.968949,320.994141,recovered,batch,200,25.192022,True,True,
321.173822,321.190242,recovered,batch,200,16.42108,True,True,
321.369406,321.383891,recovered,batch,200,14.484882,True,True,
321.569257,321.580233,recovered,batch,200,10.975838,True,True,
321.768758,321.782333,recovered,batch,200,13.574839,True,True,
321.856305,321.869582,recovered,control,200,13.276815,False,False,
321.970772,321.985413,recovered,batch,200,14.641047,True,True,
322.165346,322.175896,recovered,batch,200,10.550022,True,True,
322.365401,322.384358,recovered,batch,200,18.957138,True,True,
322.568238,322.581968,recovered,batch,200,13.730049,True,True,
322.764377,322.78002,recovered,batch,200,15.642881,True,True,
322.86169,322.935329,recovered,control,200,73.638916,False,False,
322.968742,322.983066,recovered,batch,200,14.32395,True,True,
323.163934,323.194883,recovered,batch,200,30.949116,True,True,
323.367443,323.378341,recovered,batch,200,10.898113,True,True,
323.570145,323.584227,recovered,batch,200,14.082193,True,True,
323.764509,323.782741,recovered,batch,200,18.231869,True,True,
323.864168,323.877578,recovered,control,200,13.411045,False,False,
323.968798,323.986166,recovered,batch,200,17.368078,True,True,
324.165176,324.205436,recovered,batch,200,40.260315,True,True,
324.368952,324.386199,recovered,batch,200,17.246962,True,True,
324.565267,324.579269,recovered,batch,200,14.002323,True,True,
324.767398,324.784974,recovered,batch,200,17.575979,True,True,
324.868437,324.893608,recovered,control,200,25.170803,False,False,
324.968787,324.98502,recovered,batch,200,16.233206,True,True,
325.165325,325.175654,recovered,batch,200,10.329247,True,True,
325.364579,325.380421,recovered,batch,200,15.842199,True,True,
325.56529,325.577779,recovered,batch,200,12.488842,True,True,
325.767665,325.785325,recovered,batch,200,17.659903,True,True,
325.871703,325.887098,recovered,control,200,15.395164,False,False,
325.968114,325.980247,recovered,batch,200,12.133121,True,True,
326.164659,326.202945,recovered,batch,200,38.286209,True,True,
326.368171,326.37913,recovered,batch,200,10.959148,True,True,
326.566521,326.581555,recovered,batch,200,15.03396,True,True,
326.765621,326.780596,recovered,batch,200,14.975071,True,True,
326.87524,326.887748,recovered,control,200,12.508154,False,False,
326.968039,326.981593,recovered,batch,200,13.554335,True,True,
327.169354,327.181488,recovered,batch,200,12.134075,True,True,
327.36434,327.380559,recovered,batch,200,16.219139,True,True,
327.568309,327.580915,recovered,batch,200,12.606144,True,True,
327.767407,327.779785,recovered,batch,200,12.377977,True,True,
327.881846,327.928635,recovered,control,200,46.789169,False,False,
327.968668,327.981387,recovered,batch,200,12.718678,True,True,
328.167715,328.18161,recovered,batch,200,13.895988,True,True,
328.365164,328.377607,recovered,batch,200,12.443066,True,True,
328.565353,328.592433,recovered,batch,200,27.080297,True,True,
328.767476,328.778376,recovered,batch,200,10.900021,True,True,
328.884269,328.902198,recovered,control,200,17.929077,False,False,
328.968302,328.979773,recovered,batch,200,11.470795,True,True,
329.167399,329.201458,recovered,batch,200,34.059048,True,True,
329.364669,329.376328,recovered,batch,200,11.660099,True,True,
329.567581,329.580978,recovered,batch,200,13.396978,True,True,
329.768055,329.780244,recovered,batch,200,12.188911,True,True,
329.885235,329.897853,recovered,control,200,12.618065,False,False,
329.967833,329.990114,recovered,batch,200,22.280931,True,True,
330.16826,330.185035,recovered,batch,200,16.774893,True,True,
330.365681,330.380563,recovered,batch,200,14.881611,True,True,
330.565992,330.582091,recovered,batch,200,16.098976,True,True,
330.76578,330.779818,recovered,batch,200,14.038086,True,True,
330.888843,330.901181,recovered,control,200,12.337923,False,False,
330.968959,330.986908,recovered,batch,200,17.949343,True,True,
331.167034,331.17677,recovered,batch,200,9.735823,True,True,
331.366234,331.378088,recovered,batch,200,11.853933,True,True,
331.56735,331.583414,recovered,batch,200,16.064167,True,True,
331.766442,331.778308,recovered,batch,200,11.866331,True,True,
331.890377,331.902495,recovered,control,200,12.118101,False,False,
331.967563,331.978432,recovered,batch,200,10.869026,True,True,
332.167929,332.228863,recovered,batch,200,60.93502,True,True,
332.366878,332.38572,recovered,batch,200,18.84222,True,True,
332.568631,332.598134,recovered,batch,200,29.503107,True,True,
332.767235,332.794053,recovered,batch,200,26.818037,True,True,
332.894639,332.906854,recovered,control,200,12.215137,False,False,
332.968713,333.008065,recovered,batch,200,39.352179,True,True,
333.165086,333.190351,recovered,batch,200,25.265217,True,True,
333.3685,333.397652,recovered,batch,200,29.151917,True,True,
333.567476,333.577599,recovered,batch,200,10.123014,True,True,
333.764585,333.77781,recovered,batch,200,13.22484,True,True,
333.899323,333.914881,recovered,control,200,15.558004,False,False,
333.968187,333.980019,recovered,batch,200,11.83176,True,True,
334.166274,334.176219,recovered,batch,200,9.944916,True,True,
334.368353,334.379324,recovered,batch,200,10.971308,True,True,
334.568055,334.580378,recovered,batch,200,12.323141,True,True,
334.76651,334.776196,recovered,batch,200,9.685993,True,True,
334.89936,334.9178,recovered,control,200,18.440962,False,False,
334.968326,334.980025,recovered,batch,200,11.708975,True,True,
335.166684,335.178519,recovered,batch,200,11.83486,True,True,
335.367441,335.377273,recovered,batch,200,9.831905,True,True,
335.568258,335.583015,recovered,batch,200,14.757872,True,True,
335.766659,335.7791,recovered,batch,200,12.441158,True,True,
335.904401,335.91747,recovered,control,200,13.068914,False,False,
335.968774,335.979238,recovered,batch,200,10.463953,True,True,
336.167274,336.186325,recovered,batch,200,19.052029,True,True,
336.368623,336.439709,recovered,batch,200,71.08593,True,True,
336.567087,336.577574,recovered,batch,200,10.486841,True,True,
336.768239,336.779938,recovered,batch,200,11.698961,True,True,
336.914042,336.946853,recovered,control,200,32.811165,False,False,
336.969123,336.98098,recovered,batch,200,11.856794,True,True,
337.16618,337.200196,recovered,batch,200,34.015894,True,True,
337.366998,337.377739,recovered,batch,200,10.740995,True,True,
337.57397,337.59532,recovered,batch,200,21.350145,True,True,
337.767348,337.779186,recovered,batch,200,11.837959,True,True,
337.918835,337.956805,recovered,control,200,37.971258,False,False,
337.979038,337.991916,recovered,batch,200,12.877941,True,True,
338.167579,338.187593,recovered,batch,200,20.013809,True,True,
338.368389,338.385244,recovered,batch,200,16.855001,True,True,
338.564524,338.581478,recovered,batch,200,16.954184,True,True,
338.763898,338.7839,recovered,batch,200,20.001888,True,True,
338.923432,338.939734,recovered,control,200,16.302109,False,False,
338.967444,338.980416,recovered,batch,200,12.972116,True,True,
339.168393,339.194017,recovered,batch,200,25.624037,True,True,
339.365537,339.39196,recovered,batch,200,26.42417,True,True,
339.56793,339.579201,recovered,batch,200,11.271,True,True,
339.767101,339.777885,recovered,batch,200,10.784149,True,True,
339.928461,339.971854,recovered,control,200,43.392897,False,False,
339.96863,339.98117,recovered,batch,200,12.539864,True,True,
340.163759,340.205871,recovered,batch,200,42.112112,True,True,
340.365719,340.385357,recovered,batch,200,19.637823,True,True,
340.564092,340.598804,recovered,batch,200,34.711838,True,True,
340.768581,340.778536,recovered,batch,200,9.954691,True,True,
340.933502,340.945513,recovered,control,200,12.011051,False,False,
340.968847,340.986049,recovered,batch,200,17.2019,True,True,
341.168417,341.192167,recovered,batch,200,23.749828,True,True,
341.364012,341.40668,recovered,batch,200,42.668104,True,True,
341.568316,341.586938,recovered,batch,200,18.621922,True,True,
341.768576,341.799092,recovered,batch,200,30.515909,True,True,
341.936677,341.949322,recovered,control,200,12.645006,False,False,
341.966834,341.98322,recovered,batch,200,16.386032,True,True,
342.168606,342.180655,recovered,batch,200,12.049198,True,True,
342.365756,342.378402,recovered,batch,200,12.64596,True,True,
342.567651,342.584832,recovered,batch,200,17.18092,True,True,
342.768573,342.781815,recovered,batch,200,13.242245,True,True,
342.942776,342.955776,recovered,control,200,13.000011,False,False,
342.97087,342.987967,recovered,batch,200,17.096996,True,True,
343.16704,343.218673,recovered,batch,200,51.63312,True,True,
343.365006,343.391766,recovered,batch,200,26.760101,True,True,
343.56813,343.584005,recovered,batch,200,15.875101,True,True,
343.764053,343.774232,recovered,batch,200,10.179043,True,True,
343.943129,343.955619,recovered,control,200,12.490034,False,False,
343.968544,343.982386,recovered,batch,200,13.841867,True,True,
344.163781,344.18227,recovered,batch,200,18.488646,True,True,
344.367137,344.376918,recovered,batch,200,9.781122,True,True,
344.568522,344.589836,recovered,batch,200,21.313906,True,True,
344.767502,344.781351,recovered,batch,200,13.848782,True,True,
344.943417,344.956972,recovered,control,200,13.554811,False,False,
344.967416,344.981028,recovered,batch,200,13.612032,True,True,
345.166587,345.177899,recovered,batch,200,11.311769,True,True,
345.368524,345.381637,recovered,batch,200,13.113022,True,True,
345.568113,345.599848,recovered,batch,200,31.735897,True,True,
345.768546,345.783727,recovered,batch,200,15.181065,True,True,
345.945204,345.957595,recovered,control,200,12.392044,False,False,
345.968193,345.986286,recovered,batch,200,18.092871,True,True,
346.168523,346.178187,recovered,batch,200,9.66382,True,True,
346.36855,346.380053,recovered,batch,200,11.502981,True,True,
346.568527,346.581278,recovered,batch,200,12.750864,True,True,
346.766873,346.778956,recovered,batch,200,12.082815,True,True,
346.968525,346.999106,recovered,batch,200,30.580997,True,True,
346.950226,346.99929,recovered,control,200,49.064159,False,False,
347.166918,347.180461,recovered,batch,200,13.542891,True,True,
347.366495,347.378814,recovered,batch,200,12.320042,True,True,
347.568523,347.585164,recovered,batch,200,16.64114,True,True,
347.766437,347.778316,recovered,batch,200,11.878967,True,True,
347.953419,347.965529,recovered,control,200,12.109995,False,False,
347.968686,347.978867,recovered,batch,200,10.180712,True,True,
348.166232,348.177431,recovered,batch,200,11.198997,True,True,
348.36855,348.382415,recovered,batch,200,13.864994,True,True,
348.566319,348.643272,recovered,batch,200,76.952934,True,True,
348.768017,348.781138,recovered,batch,200,13.12089,True,True,
348.965912,348.985287,recovered,batch,200,19.375086,True,True,
348.954467,348.985462,recovered,control,200,30.995846,False,False,
349.168518,349.182225,recovered,batch,200,13.706923,True,True,
349.368508,349.396641,recovered,batch,200,28.132915,True,True,
349.568508,349.617943,recovered,batch,200,49.4349,True,True,
349.76642,349.782311,recovered,batch,200,15.892029,True,True,
349.959497,349.994863,recovered,control,200,35.366058,False,False,
349.964298,350.009988,recovered,batch,200,45.69006,True,True,
350.168501,350.224912,recovered,batch,200,56.411266,True,True,
350.368553,350.380606,recovered,batch,200,12.053013,True,True,
350.566373,350.577023,recovered,batch,200,10.64992,True,True,
350.764366,350.791906,recovered,batch,200,27.539968,True,True,
350.961183,350.979403,recovered,control,200,18.220186,False,False,
350.968367,350.979837,recovered,batch,200,11.470795,True,True,
351.164425,351.178308,recovered,batch,200,13.883114,True,True,
351.364083,351.378657,recovered,batch,200,14.574051,True,True,
351.593056,351.608029,recovered,batch,200,14.972925,True,True,
351.783229,351.845684,recovered,batch,200,62.454939,True,True,
351.964244,351.976548,recovered,control,200,12.304068,False,False,
351.968555,351.981678,recovered,batch,200,13.123035,True,True,
352.172611,352.187496,recovered,batch,200,14.884949,True,True,
352.374937,352.388158,recovered,batch,200,13.220787,True,True,
352.563876,352.583294,recovered,batch,200,19.417763,True,True,
352.767693,352.781209,recovered,batch,200,13.515949,True,True,
352.969039,352.993368,recovered,batch,200,24.328947,True,True,
352.969487,352.994632,recovered,control,200,25.145054,False,False,
353.166769,353.180193,recovered,batch,200,13.42392,True,True,
353.368283,353.379455,recovered,batch,200,11.171818,True,True,
353.570047,353.590195,recovered,batch,200,20.148039,True,True,
353.769548,353.781613,recovered,batch,200,12.065172,True,True,
353.968646,353.978558,recovered,batch,200,9.911776,True,True,
353.975608,353.989592,recovered,control,200,13.983965,False,False,
354.171295,354.185049,recovered,batch,200,13.754129,True,True,
354.368025,354.386377,recovered,batch,200,18.351793,True,True,
354.567213,354.58267,recovered,batch,200,15.456915,True,True,
354.770545,354.781517,recovered,batch,200,10.972023,True,True,
354.970726,354.984009,recovered,batch,200,13.283014,True,True,
354.980194,354.994613,recovered,control,200,14.41884,False,False,
355.166719,355.177873,recovered,batch,200,11.15489,True,True,
355.371121,355.38422,recovered,batch,200,13.098955,True,True,
355.567463,355.646451,recovered,batch,200,78.988075,True,True,
355.771527,355.784999,recovered,batch,200,13.471842,True,True,
355.971844,355.985679,recovered,batch,200,13.835192,True,True,
355.98618,356.000577,recovered,control,200,14.396906,False,False,
356.16999,356.193088,recovered,batch,200,23.097992,True,True,
356.368476,356.378724,recovered,batch,200,10.247946,True,True,
356.569671,356.632254,recovered,batch,200,62.582731,True,True,
356.771376,356.796667,recovered,batch,200,25.290966,True,True,
356.988495,357.002235,recovered,control,200,13.740063,False,False,
356.973407,357.00243,recovered,batch,200,29.022932,True,True,
357.169576,357.180404,recovered,batch,200,10.828018,True,True,
357.371861,357.400506,recovered,batch,200,28.645039,True,True,
357.572771,357.616918,recovered,batch,200,44.147015,True,True,
357.771296,357.790953,recovered,batch,200,19.656897,True,True,
357.973621,357.986497,recovered,batch,200,12.876034,True,True,
357.990524,358.002263,recovered,control,200,11.739016,False,False,
358.171533,358.191262,recovered,batch,200,19.728899,True,True,
358.373975,358.415883,recovered,batch,200,41.908979,True,True,
358.571415,358.616364,recovered,batch,200,44.949055,True,True,
358.772328,358.785951,recovered,batch,200,13.622999,True,True,
358.971049,359.024494,recovered,batch,200,53.445101,True,True,
358.99556,359.040608,recovered,control,200,45.047998,False,False,
359.171629,359.190097,recovered,batch,200,18.468142,True,True,
359.370826,359.382234,recovered,batch,200,11.408091,True,True,
359.572758,359.587362,recovered,batch,200,14.604092,True,True,
359.773067,359.791379,recovered,batch,200,18.311977,True,True,
359.970884,359.980627,recovered,batch,200,9.742737,True,True,
359.998622,360.012839,recovered,control,200,14.2169,False,False,
360.172922,360.185423,recovered,batch,200,12.501001,True,True,
360.371122,360.382766,recovered,batch,200,11.644125,True,True,
360.575554,360.588251,recovered,batch,200,12.69722,True,True,
360.773786,360.789347,recovered,batch,200,15.560865,True,True,
